<?xml version = '1.0' encoding = 'UTF-8'?>
<Diagram class="oracle.dbtools.crest.swingui.logical.DPVLogical" name="Logical" id="48710855-577E-F083-D38A-E4E1469809D3">
<createdBy>T1_Group01</createdBy>
<modifiedBy>T1_Group01</modifiedBy>
<createdTime>2023-04-30 08:34:30 UTC</createdTime>
<autoRoute>false</autoRoute>
<boxInbox>true</boxInbox>
<showLegend>true</showLegend>
<showLabels>true</showLabels>
<showRelAttributes>false</showRelAttributes>
<gridEnabled>false</gridEnabled>
<showGrid>false</showGrid>
<diagramColor>-1</diagramColor>
<display>false</display>
<notation>2</notation>
<showAllDetails>false</showAllDetails>
<showElements>true</showElements>
<objectViews>
<OView class="oracle.dbtools.crest.swingui.logical.TVEntity" oid="10691439-3ADB-A193-20CC-52FCEEC43681" otype="Entity" vid="952F1E11-F15F-4CA5-CE54-E42841FE4E29">
<hideElementsInCurrentOnly>false</hideElementsInCurrentOnly>
<bounds x="1047" y="1214" width="170" height="134"/>
</OView>
<OView class="oracle.dbtools.crest.swingui.logical.TVEntity" oid="19D4F3EA-41A1-BC02-E237-3A8A2BC8B420" otype="Entity" vid="8AB97EA2-4843-7C39-559D-03B175753FC5">
<hideElementsInCurrentOnly>false</hideElementsInCurrentOnly>
<bounds x="1170" y="473" width="170" height="110"/>
</OView>
<OView class="oracle.dbtools.crest.swingui.logical.TVEntity" oid="1CECAA88-D9AE-080D-31C6-686A2C8C788D" otype="Entity" vid="E04BCD77-F048-33D6-4E81-CB47715A8745">
<hideElementsInCurrentOnly>false</hideElementsInCurrentOnly>
<bounds x="1155" y="836" width="170" height="110"/>
</OView>
<OView class="oracle.dbtools.crest.swingui.logical.TVEntity" oid="3763F627-BA00-FA71-DD40-758728D1CA20" otype="Entity" vid="38917B6B-484B-C1D3-BA84-F5F38EA8BC27">
<hideElementsInCurrentOnly>false</hideElementsInCurrentOnly>
<bounds x="1078" y="237" width="170" height="114"/>
</OView>
<OView class="oracle.dbtools.crest.swingui.logical.TVEntity" oid="3A1884A3-EC44-EA80-7119-A12580BC2ACD" otype="Entity" vid="21F9DB38-CBE3-CE5B-2745-72E30AFA3F2B">
<hideElementsInCurrentOnly>false</hideElementsInCurrentOnly>
<bounds x="445" y="471" width="170" height="110"/>
</OView>
<OView class="oracle.dbtools.crest.swingui.logical.TVEntity" oid="512394CD-CE91-9A10-889C-89ADE79478D1" otype="Entity" vid="49E6449B-1534-CFD0-502A-8D9D79083CA0">
<hideElementsInCurrentOnly>false</hideElementsInCurrentOnly>
<bounds x="108" y="826" width="170" height="110"/>
</OView>
<OView class="oracle.dbtools.crest.swingui.logical.TVEntity" oid="51835C80-165D-3C63-5ABD-2B78618772A7" otype="Entity" vid="0F4B1211-262B-9F66-894D-9090468BA8EE">
<hideElementsInCurrentOnly>false</hideElementsInCurrentOnly>
<bounds x="98" y="472" width="170" height="110"/>
</OView>
<OView class="oracle.dbtools.crest.swingui.logical.TVEntity" oid="5B10DEAF-30FB-FD52-0263-4BC345FEB512" otype="Entity" vid="F60D739B-FE2C-A446-B8CD-FD3A080F2678">
<hideElementsInCurrentOnly>false</hideElementsInCurrentOnly>
<bounds x="1281" y="1219" width="170" height="110"/>
</OView>
<OView class="oracle.dbtools.crest.swingui.logical.TVEntity" oid="6D741588-C2B5-ED3E-5C62-F87BD9CD3735" otype="Entity" vid="939CD2C8-82C5-D6E3-634D-E3D0610D5980">
<hideElementsInCurrentOnly>false</hideElementsInCurrentOnly>
<bounds x="793" y="237" width="170" height="115"/>
</OView>
<OView class="oracle.dbtools.crest.swingui.logical.TVEntity" oid="6F86C202-1E6A-38A1-DD04-AB38F56964C6" otype="Entity" vid="57F1C9BB-CDF4-DBDC-250C-A2EC503AEFF4">
<hideElementsInCurrentOnly>false</hideElementsInCurrentOnly>
<bounds x="1160" y="1028" width="170" height="110"/>
</OView>
<OView class="oracle.dbtools.crest.swingui.TVLegend" oid="933508A0-39EC-2530-E602-09B8A69DB3E5" otype="Legend" vid="89EFD449-BA57-A84D-D23F-207A0A7FB16F">
<hideElementsInCurrentOnly>false</hideElementsInCurrentOnly>
<bounds x="10" y="10" width="232" height="135"/>
</OView>
<OView class="oracle.dbtools.crest.swingui.logical.TVEntity" oid="99831F43-6855-7A9B-BE65-7CC55BDC657D" otype="Entity" vid="39CBB9FE-7F2E-51C8-088B-1D08F91BB7B3">
<hideElementsInCurrentOnly>false</hideElementsInCurrentOnly>
<bounds x="452" y="712" width="170" height="110"/>
</OView>
<OView class="oracle.dbtools.crest.swingui.logical.TVEntity" oid="9C7F1897-C311-9221-2C7D-63C8919F1089" otype="Entity" vid="9165D6D7-38D5-B60D-65A0-FCFEFE9C893D">
<hideElementsInCurrentOnly>false</hideElementsInCurrentOnly>
<bounds x="402" y="235" width="170" height="113"/>
</OView>
<OView class="oracle.dbtools.crest.swingui.logical.TVEntity" oid="BEC3A830-A1C7-A97B-1B50-442009D48E9A" otype="Entity" vid="1EED8DDB-06F2-5398-65AC-BE49629A1170">
<hideElementsInCurrentOnly>false</hideElementsInCurrentOnly>
<bounds x="93" y="233" width="170" height="111"/>
</OView>
<OView class="oracle.dbtools.crest.swingui.logical.TVEntity" oid="D2138575-A989-B285-8F01-EE260C92F5AE" otype="Entity" vid="B2D40246-DFCC-ADD4-0348-F19B3EC46F87">
<hideElementsInCurrentOnly>false</hideElementsInCurrentOnly>
<bounds x="1380" y="239" width="170" height="113"/>
</OView>
<OView class="oracle.dbtools.crest.swingui.logical.TVEntity" oid="F415245E-D60C-2812-2B2D-9B82F2687274" otype="Entity" vid="9E092D61-F366-D727-B24D-BF323D1AB03D">
<hideElementsInCurrentOnly>false</hideElementsInCurrentOnly>
<bounds x="836" y="720" width="170" height="110"/>
</OView>
<OView class="oracle.dbtools.crest.swingui.logical.TVEntity" oid="FF78F646-A5E8-EA77-942C-93DCD12F8BAD" otype="Entity" vid="A7C81E99-C696-90F9-C60C-BA80E9907927">
<hideElementsInCurrentOnly>false</hideElementsInCurrentOnly>
<bounds x="843" y="461" width="170" height="110"/>
</OView>
</objectViews>
<connectors>
<Connector class="oracle.dbtools.crest.swingui.logical.TVRelation" oid="0A986083-F7EA-1168-3895-E0A5D9490C08" otype="Relation" vid_source="1EED8DDB-06F2-5398-65AC-BE49629A1170" vid_target="9165D6D7-38D5-B60D-65A0-FCFEFE9C893D">
<hideElementsInCurrentOnly>false</hideElementsInCurrentOnly>
<backgroundColor>-16777216</backgroundColor>
<lineWidth>1</lineWidth>
<sourceLabel class="oracle.dbtools.crest.model.design.Label">
<site>0</site>
<labelBounds x="273" y="259" width="58" height="30"/>
<noBackgroundColor>true</noBackgroundColor>
<noForegroundColor>true</noForegroundColor>
</sourceLabel>
<targetLabel class="oracle.dbtools.crest.model.design.Label">
<site>2</site>
<labelBounds x="378" y="292" width="18" height="30"/>
<noBackgroundColor>true</noBackgroundColor>
<noForegroundColor>true</noForegroundColor>
</targetLabel>
<points>
<point x="263" y="289"/>
<point x="402" y="289"/>
</points>
</Connector>
<Connector class="oracle.dbtools.crest.swingui.logical.TVRelation" oid="2527A6CF-FC75-2B1E-4BCA-A40AABECD69A" otype="Relation" vid_source="B2D40246-DFCC-ADD4-0348-F19B3EC46F87" vid_target="38917B6B-484B-C1D3-BA84-F5F38EA8BC27">
<hideElementsInCurrentOnly>false</hideElementsInCurrentOnly>
<backgroundColor>-16777216</backgroundColor>
<lineWidth>1</lineWidth>
<sourceLabel class="oracle.dbtools.crest.model.design.Label">
<site>0</site>
<labelBounds x="1336" y="265" width="38" height="30"/>
<noBackgroundColor>true</noBackgroundColor>
<noForegroundColor>true</noForegroundColor>
</sourceLabel>
<targetLabel class="oracle.dbtools.crest.model.design.Label">
<site>2</site>
<labelBounds x="1258" y="298" width="18" height="30"/>
<noBackgroundColor>true</noBackgroundColor>
<noForegroundColor>true</noForegroundColor>
</targetLabel>
<points>
<point x="1380" y="295"/>
<point x="1248" y="295"/>
</points>
</Connector>
<Connector class="oracle.dbtools.crest.swingui.logical.TVRelation" oid="37D0E00A-A913-6267-DD2A-DA0A154668C3" otype="Relation" vid_source="39CBB9FE-7F2E-51C8-088B-1D08F91BB7B3" vid_target="49E6449B-1534-CFD0-502A-8D9D79083CA0">
<hideElementsInCurrentOnly>false</hideElementsInCurrentOnly>
<backgroundColor>-16777216</backgroundColor>
<lineWidth>1</lineWidth>
<sourceLabel class="oracle.dbtools.crest.model.design.Label">
<site>0</site>
<labelBounds x="364" y="795" width="82" height="30"/>
<noBackgroundColor>true</noBackgroundColor>
<noForegroundColor>true</noForegroundColor>
</sourceLabel>
<targetLabel class="oracle.dbtools.crest.model.design.Label">
<site>2</site>
<labelBounds x="288" y="852" width="18" height="30"/>
<noBackgroundColor>true</noBackgroundColor>
<noForegroundColor>true</noForegroundColor>
</targetLabel>
<points>
<point x="452" y="795"/>
<point x="278" y="852"/>
</points>
</Connector>
<Connector class="oracle.dbtools.crest.swingui.logical.TVRelation" oid="3B4C80B4-1A6F-5F92-00F4-640B01751F1E" otype="Relation" vid_source="9E092D61-F366-D727-B24D-BF323D1AB03D" vid_target="A7C81E99-C696-90F9-C60C-BA80E9907927">
<hideElementsInCurrentOnly>false</hideElementsInCurrentOnly>
<backgroundColor>-16777216</backgroundColor>
<lineWidth>1</lineWidth>
<sourceLabel class="oracle.dbtools.crest.model.design.Label">
<site>0</site>
<labelBounds x="924" y="684" width="71" height="30"/>
<noBackgroundColor>true</noBackgroundColor>
<noForegroundColor>true</noForegroundColor>
</sourceLabel>
<targetLabel class="oracle.dbtools.crest.model.design.Label">
<site>2</site>
<labelBounds x="924" y="607" width="18" height="30"/>
<noBackgroundColor>true</noBackgroundColor>
<noForegroundColor>true</noForegroundColor>
</targetLabel>
<points>
<point x="924" y="720"/>
<point x="924" y="571"/>
</points>
</Connector>
<Connector class="oracle.dbtools.crest.swingui.logical.TVRelation" oid="52F0ED46-5C5B-A7B4-ACB0-AC5550E08854" otype="Relation" vid_source="A7C81E99-C696-90F9-C60C-BA80E9907927" vid_target="8AB97EA2-4843-7C39-559D-03B175753FC5">
<hideElementsInCurrentOnly>false</hideElementsInCurrentOnly>
<backgroundColor>-16777216</backgroundColor>
<lineWidth>1</lineWidth>
<sourceLabel class="oracle.dbtools.crest.model.design.Label">
<site>0</site>
<labelBounds x="1023" y="492" width="82" height="30"/>
<noBackgroundColor>true</noBackgroundColor>
<noForegroundColor>true</noForegroundColor>
</sourceLabel>
<targetLabel class="oracle.dbtools.crest.model.design.Label">
<site>2</site>
<labelBounds x="1146" y="525" width="18" height="30"/>
<noBackgroundColor>true</noBackgroundColor>
<noForegroundColor>true</noForegroundColor>
</targetLabel>
<points>
<point x="1013" y="522"/>
<point x="1170" y="522"/>
</points>
</Connector>
<Connector class="oracle.dbtools.crest.swingui.logical.TVRelation" oid="566FFA8B-882E-7736-E4A2-A824D384D868" otype="Relation" vid_source="E04BCD77-F048-33D6-4E81-CB47715A8745" vid_target="8AB97EA2-4843-7C39-559D-03B175753FC5">
<hideElementsInCurrentOnly>false</hideElementsInCurrentOnly>
<backgroundColor>-16777216</backgroundColor>
<lineWidth>1</lineWidth>
<sourceLabel class="oracle.dbtools.crest.model.design.Label">
<site>0</site>
<labelBounds x="1247" y="800" width="52" height="30"/>
<noBackgroundColor>true</noBackgroundColor>
<noForegroundColor>true</noForegroundColor>
</sourceLabel>
<targetLabel class="oracle.dbtools.crest.model.design.Label">
<site>2</site>
<labelBounds x="1247" y="627" width="18" height="30"/>
<noBackgroundColor>true</noBackgroundColor>
<noForegroundColor>true</noForegroundColor>
</targetLabel>
<points>
<point x="1247" y="836"/>
<point x="1247" y="583"/>
</points>
</Connector>
<Connector class="oracle.dbtools.crest.swingui.logical.TVRelation" oid="57767C5D-685D-DF45-2776-C070E9EB6197" otype="Relation" vid_source="939CD2C8-82C5-D6E3-634D-E3D0610D5980" vid_target="38917B6B-484B-C1D3-BA84-F5F38EA8BC27">
<hideElementsInCurrentOnly>false</hideElementsInCurrentOnly>
<backgroundColor>-16777216</backgroundColor>
<lineWidth>1</lineWidth>
<sourceLabel class="oracle.dbtools.crest.model.design.Label">
<site>0</site>
<labelBounds x="973" y="282" width="48" height="27"/>
<noBackgroundColor>true</noBackgroundColor>
<noForegroundColor>true</noForegroundColor>
</sourceLabel>
<targetLabel class="oracle.dbtools.crest.model.design.Label">
<site>2</site>
<labelBounds x="1056" y="312" width="16" height="33"/>
<noBackgroundColor>true</noBackgroundColor>
<noForegroundColor>true</noForegroundColor>
</targetLabel>
<points>
<point x="963" y="309"/>
<point x="1078" y="309"/>
</points>
</Connector>
<Connector class="oracle.dbtools.crest.swingui.logical.TVRelation" oid="6E11137C-FE25-58E0-B29B-0A0C4642D7A7" otype="Relation" vid_source="49E6449B-1534-CFD0-502A-8D9D79083CA0" vid_target="E04BCD77-F048-33D6-4E81-CB47715A8745">
<hideElementsInCurrentOnly>false</hideElementsInCurrentOnly>
<backgroundColor>-16777216</backgroundColor>
<lineWidth>1</lineWidth>
<sourceLabel class="oracle.dbtools.crest.model.design.Label">
<site>0</site>
<labelBounds x="288" y="856" width="46" height="30"/>
<noBackgroundColor>true</noBackgroundColor>
<noForegroundColor>true</noForegroundColor>
</sourceLabel>
<targetLabel class="oracle.dbtools.crest.model.design.Label">
<site>2</site>
<labelBounds x="1131" y="889" width="18" height="30"/>
<noBackgroundColor>true</noBackgroundColor>
<noForegroundColor>true</noForegroundColor>
</targetLabel>
<points>
<point x="278" y="886"/>
<point x="1155" y="886"/>
</points>
</Connector>
<Connector class="oracle.dbtools.crest.swingui.logical.TVRelation" oid="73E65C06-1BF8-FAC6-C52E-238B99B7B1AE" otype="Relation" vid_source="1EED8DDB-06F2-5398-65AC-BE49629A1170" vid_target="0F4B1211-262B-9F66-894D-9090468BA8EE">
<hideElementsInCurrentOnly>false</hideElementsInCurrentOnly>
<backgroundColor>-16777216</backgroundColor>
<lineWidth>1</lineWidth>
<sourceLabel class="oracle.dbtools.crest.model.design.Label">
<site>0</site>
<labelBounds x="195" y="388" width="40" height="30"/>
<noBackgroundColor>true</noBackgroundColor>
<noForegroundColor>true</noForegroundColor>
</sourceLabel>
<targetLabel class="oracle.dbtools.crest.model.design.Label">
<site>2</site>
<labelBounds x="195" y="436" width="18" height="30"/>
<noBackgroundColor>true</noBackgroundColor>
<noForegroundColor>true</noForegroundColor>
</targetLabel>
<points>
<point x="195" y="344"/>
<point x="195" y="472"/>
</points>
</Connector>
<Connector class="oracle.dbtools.crest.swingui.logical.TVRelation" oid="99904770-01C6-5D18-185A-F7B2977860CC" otype="Relation" vid_source="57F1C9BB-CDF4-DBDC-250C-A2EC503AEFF4" vid_target="E04BCD77-F048-33D6-4E81-CB47715A8745">
<hideElementsInCurrentOnly>false</hideElementsInCurrentOnly>
<backgroundColor>-16777216</backgroundColor>
<lineWidth>1</lineWidth>
<sourceLabel class="oracle.dbtools.crest.model.design.Label">
<site>0</site>
<labelBounds x="1242" y="992" width="52" height="30"/>
<noBackgroundColor>true</noBackgroundColor>
<noForegroundColor>true</noForegroundColor>
</sourceLabel>
<targetLabel class="oracle.dbtools.crest.model.design.Label">
<site>2</site>
<labelBounds x="1242" y="998" width="18" height="30"/>
<noBackgroundColor>true</noBackgroundColor>
<noForegroundColor>true</noForegroundColor>
</targetLabel>
<points>
<point x="1242" y="1028"/>
<point x="1242" y="946"/>
</points>
</Connector>
<Connector class="oracle.dbtools.crest.swingui.logical.TVRelation" oid="9A3D03C8-527B-874E-6F8C-CEC3727A56BD" otype="Relation" vid_source="0F4B1211-262B-9F66-894D-9090468BA8EE" vid_target="21F9DB38-CBE3-CE5B-2745-72E30AFA3F2B">
<hideElementsInCurrentOnly>false</hideElementsInCurrentOnly>
<backgroundColor>-16777216</backgroundColor>
<lineWidth>1</lineWidth>
<sourceLabel class="oracle.dbtools.crest.model.design.Label">
<site>0</site>
<labelBounds x="278" y="496" width="46" height="30"/>
<noBackgroundColor>true</noBackgroundColor>
<noForegroundColor>true</noForegroundColor>
</sourceLabel>
<targetLabel class="oracle.dbtools.crest.model.design.Label">
<site>2</site>
<labelBounds x="421" y="529" width="18" height="30"/>
<noBackgroundColor>true</noBackgroundColor>
<noForegroundColor>true</noForegroundColor>
</targetLabel>
<points>
<point x="268" y="526"/>
<point x="445" y="526"/>
</points>
</Connector>
<Connector class="oracle.dbtools.crest.swingui.logical.TVRelation" oid="ACED42A1-C72D-5640-BC71-814619D36098" otype="Relation" vid_source="F60D739B-FE2C-A446-B8CD-FD3A080F2678" vid_target="57F1C9BB-CDF4-DBDC-250C-A2EC503AEFF4">
<hideElementsInCurrentOnly>false</hideElementsInCurrentOnly>
<backgroundColor>-16777216</backgroundColor>
<lineWidth>1</lineWidth>
<sourceLabel class="oracle.dbtools.crest.model.design.Label">
<site>0</site>
<labelBounds x="1305" y="1183" width="58" height="30"/>
<noBackgroundColor>true</noBackgroundColor>
<noForegroundColor>true</noForegroundColor>
</sourceLabel>
<targetLabel class="oracle.dbtools.crest.model.design.Label">
<site>2</site>
<labelBounds x="1305" y="1182" width="18" height="30"/>
<noBackgroundColor>true</noBackgroundColor>
<noForegroundColor>true</noForegroundColor>
</targetLabel>
<points>
<point x="1305" y="1219"/>
<point x="1305" y="1138"/>
</points>
</Connector>
<Connector class="oracle.dbtools.crest.swingui.logical.TVRelation" oid="C6C8B36A-80C2-7048-AA31-1ACD5786725F" otype="Relation" vid_source="39CBB9FE-7F2E-51C8-088B-1D08F91BB7B3" vid_target="9E092D61-F366-D727-B24D-BF323D1AB03D">
<hideElementsInCurrentOnly>false</hideElementsInCurrentOnly>
<backgroundColor>-16777216</backgroundColor>
<lineWidth>1</lineWidth>
<sourceLabel class="oracle.dbtools.crest.model.design.Label">
<site>0</site>
<labelBounds x="632" y="741" width="52" height="30"/>
<noBackgroundColor>true</noBackgroundColor>
<noForegroundColor>true</noForegroundColor>
</sourceLabel>
<targetLabel class="oracle.dbtools.crest.model.design.Label">
<site>2</site>
<labelBounds x="812" y="774" width="18" height="30"/>
<noBackgroundColor>true</noBackgroundColor>
<noForegroundColor>true</noForegroundColor>
</targetLabel>
<points>
<point x="622" y="771"/>
<point x="836" y="771"/>
</points>
</Connector>
<Connector class="oracle.dbtools.crest.swingui.logical.TVRelation" oid="D63A5FE4-DE9B-FEB2-01B8-9CCF34E16086" otype="Relation" vid_source="9E092D61-F366-D727-B24D-BF323D1AB03D" vid_target="21F9DB38-CBE3-CE5B-2745-72E30AFA3F2B">
<hideElementsInCurrentOnly>false</hideElementsInCurrentOnly>
<backgroundColor>-16777216</backgroundColor>
<lineWidth>1</lineWidth>
<sourceLabel class="oracle.dbtools.crest.model.design.Label">
<site>0</site>
<labelBounds x="760" y="684" width="70" height="30"/>
<noBackgroundColor>true</noBackgroundColor>
<noForegroundColor>true</noForegroundColor>
</sourceLabel>
<targetLabel class="oracle.dbtools.crest.model.design.Label">
<site>2</site>
<labelBounds x="625" y="580" width="18" height="30"/>
<noBackgroundColor>true</noBackgroundColor>
<noForegroundColor>true</noForegroundColor>
</targetLabel>
<points>
<point x="836" y="720"/>
<point x="615" y="580"/>
</points>
</Connector>
<Connector class="oracle.dbtools.crest.swingui.logical.TVRelation" oid="EAECF21C-27A0-65B1-A9B4-DE842E8B7E74" otype="Relation" vid_source="9165D6D7-38D5-B60D-65A0-FCFEFE9C893D" vid_target="939CD2C8-82C5-D6E3-634D-E3D0610D5980">
<hideElementsInCurrentOnly>false</hideElementsInCurrentOnly>
<backgroundColor>-16777216</backgroundColor>
<lineWidth>1</lineWidth>
<sourceLabel class="oracle.dbtools.crest.model.design.Label">
<site>0</site>
<labelBounds x="582" y="262" width="55" height="30"/>
<noBackgroundColor>true</noBackgroundColor>
<noForegroundColor>true</noForegroundColor>
</sourceLabel>
<targetLabel class="oracle.dbtools.crest.model.design.Label">
<site>2</site>
<labelBounds x="769" y="295" width="18" height="30"/>
<noBackgroundColor>true</noBackgroundColor>
<noForegroundColor>true</noForegroundColor>
</targetLabel>
<points>
<point x="572" y="292"/>
<point x="793" y="292"/>
</points>
</Connector>
<Connector class="oracle.dbtools.crest.swingui.logical.TVRelation" oid="ED0BC925-F011-4CE5-90E2-327FA598BE44" otype="Relation" vid_source="952F1E11-F15F-4CA5-CE54-E42841FE4E29" vid_target="57F1C9BB-CDF4-DBDC-250C-A2EC503AEFF4">
<hideElementsInCurrentOnly>false</hideElementsInCurrentOnly>
<backgroundColor>-16777216</backgroundColor>
<lineWidth>1</lineWidth>
<sourceLabel class="oracle.dbtools.crest.model.design.Label">
<site>0</site>
<labelBounds x="1188" y="1178" width="44" height="30"/>
<noBackgroundColor>true</noBackgroundColor>
<noForegroundColor>true</noForegroundColor>
</sourceLabel>
<targetLabel class="oracle.dbtools.crest.model.design.Label">
<site>2</site>
<labelBounds x="1188" y="1190" width="18" height="30"/>
<noBackgroundColor>true</noBackgroundColor>
<noForegroundColor>true</noForegroundColor>
</targetLabel>
<points>
<point x="1188" y="1214"/>
<point x="1188" y="1138"/>
</points>
</Connector>
<Connector class="oracle.dbtools.crest.swingui.logical.TVRelation" oid="F834326C-3A37-10F1-E6A8-2FFF1A892FAC" otype="Relation" vid_source="0F4B1211-262B-9F66-894D-9090468BA8EE" vid_target="49E6449B-1534-CFD0-502A-8D9D79083CA0">
<hideElementsInCurrentOnly>false</hideElementsInCurrentOnly>
<backgroundColor>-16777216</backgroundColor>
<lineWidth>1</lineWidth>
<sourceLabel class="oracle.dbtools.crest.model.design.Label">
<site>0</site>
<labelBounds x="188" y="634" width="46" height="30"/>
<noBackgroundColor>true</noBackgroundColor>
<noForegroundColor>true</noForegroundColor>
</sourceLabel>
<targetLabel class="oracle.dbtools.crest.model.design.Label">
<site>2</site>
<labelBounds x="188" y="774" width="18" height="30"/>
<noBackgroundColor>true</noBackgroundColor>
<noForegroundColor>true</noForegroundColor>
</targetLabel>
<points>
<point x="188" y="582"/>
<point x="188" y="826"/>
</points>
</Connector>
<Connector class="oracle.dbtools.crest.swingui.logical.TVRelation" oid="FE14AD41-DC6A-3E5D-1AD8-633DEA293588" otype="Relation" vid_source="939CD2C8-82C5-D6E3-634D-E3D0610D5980" vid_target="A7C81E99-C696-90F9-C60C-BA80E9907927">
<hideElementsInCurrentOnly>false</hideElementsInCurrentOnly>
<backgroundColor>-16777216</backgroundColor>
<lineWidth>1</lineWidth>
<sourceLabel class="oracle.dbtools.crest.model.design.Label">
<site>0</site>
<labelBounds x="903" y="404" width="40" height="30"/>
<noBackgroundColor>true</noBackgroundColor>
<noForegroundColor>true</noForegroundColor>
</sourceLabel>
<targetLabel class="oracle.dbtools.crest.model.design.Label">
<site>2</site>
<labelBounds x="903" y="409" width="18" height="30"/>
<noBackgroundColor>true</noBackgroundColor>
<noForegroundColor>true</noForegroundColor>
</targetLabel>
<points>
<point x="903" y="352"/>
<point x="903" y="461"/>
</points>
</Connector>
</connectors>
</Diagram>
