<?xml version = '1.0' encoding = 'UTF-8'?>
<Relation class="oracle.dbtools.crest.model.design.logical.Relation" name="localauth_street" directorySegmentName="seg_0" id="0A986083-F7EA-1168-3895-E0A5D9490C08">
<createdBy>User</createdBy>
<createdTime>2023-05-02 01:55:18 UTC</createdTime>
<ownerDesignName>cui_oraclemodel</ownerDesignName>
<engineerTo>
<item key="85BA8656-E6D8-1BCC-1E3F-6C7A9D9C349E" value="true"/>
</engineerTo>
<sourcePk>A9AF4ED5-8B17-9C91-DD34-0EE00D9836CB</sourcePk>
<identifying>true</identifying>
<nameOnSource>manages</nameOnSource>
<nameOnTarget> </nameOnTarget>
<optionalSource>false</optionalSource>
<optionalTarget>false</optionalTarget>
<sourceCardinality>1</sourceCardinality>
<sourceEntity>BEC3A830-A1C7-A97B-1B50-442009D48E9A</sourceEntity>
<targetCardinalityString>*</targetCardinalityString>
<targetEntity>9C7F1897-C311-9221-2C7D-63C8919F1089</targetEntity>
<transferable>true</transferable>
<deleteRule>NO ACTION</deleteRule>
</Relation>
