<?xml version = '1.0' encoding = 'UTF-8'?>
<Relation class="oracle.dbtools.crest.model.design.logical.Relation" name="owner_propown_fk" directorySegmentName="seg_0" id="2527A6CF-FC75-2B1E-4BCA-A40AABECD69A">
<createdBy>User</createdBy>
<createdTime>2023-05-02 02:37:27 UTC</createdTime>
<ownerDesignName>cui_oraclemodel</ownerDesignName>
<engineerTo>
<item key="85BA8656-E6D8-1BCC-1E3F-6C7A9D9C349E" value="true"/>
</engineerTo>
<sourcePk>70671F87-3EBC-1E07-EBDF-B66480AC5745</sourcePk>
<identifying>true</identifying>
<nameOnSource>owns</nameOnSource>
<nameOnTarget> </nameOnTarget>
<optionalSource>false</optionalSource>
<optionalTarget>false</optionalTarget>
<sourceCardinality>1</sourceCardinality>
<sourceEntity>D2138575-A989-B285-8F01-EE260C92F5AE</sourceEntity>
<targetCardinalityString>*</targetCardinalityString>
<targetEntity>3763F627-BA00-FA71-DD40-758728D1CA20</targetEntity>
<transferable>true</transferable>
<deleteRule>NO ACTION</deleteRule>
</Relation>
