<?xml version = '1.0' encoding = 'UTF-8'?>
<Relation class="oracle.dbtools.crest.model.design.logical.Relation" name="waste_contwaste" directorySegmentName="seg_0" id="37D0E00A-A913-6267-DD2A-DA0A154668C3">
<createdBy>jingweiong</createdBy>
<createdTime>2023-05-03 06:01:52 UTC</createdTime>
<ownerDesignName>cui_oraclemodel</ownerDesignName>
<engineerTo>
<item key="85BA8656-E6D8-1BCC-1E3F-6C7A9D9C349E" value="true"/>
</engineerTo>
<sourcePk>D5A6D7B7-63D2-2904-CB2C-195F2C982D86</sourcePk>
<identifying>true</identifying>
<nameOnSource>assigned with</nameOnSource>
<nameOnTarget> </nameOnTarget>
<optionalSource>true</optionalSource>
<optionalTarget>false</optionalTarget>
<sourceCardinality>1</sourceCardinality>
<sourceEntity>99831F43-6855-7A9B-BE65-7CC55BDC657D</sourceEntity>
<targetCardinalityString>*</targetCardinalityString>
<targetEntity>512394CD-CE91-9A10-889C-89ADE79478D1</targetEntity>
<transferable>true</transferable>
<deleteRule>NO ACTION</deleteRule>
</Relation>
