<?xml version = '1.0' encoding = 'UTF-8'?>
<Relation class="oracle.dbtools.crest.model.design.logical.Relation" name="bintype_propbin" directorySegmentName="seg_0" id="3B4C80B4-1A6F-5F92-00F4-640B01751F1E">
<createdBy>jingweiong</createdBy>
<createdTime>2023-05-03 06:02:41 UTC</createdTime>
<ownerDesignName>cui_oraclemodel</ownerDesignName>
<engineerTo>
<item key="85BA8656-E6D8-1BCC-1E3F-6C7A9D9C349E" value="true"/>
</engineerTo>
<sourcePk>1DD1117F-3031-4603-793E-6671DB3A5E92</sourcePk>
<identifying>false</identifying>
<nameOnSource>assigned to</nameOnSource>
<nameOnTarget> </nameOnTarget>
<optionalSource>true</optionalSource>
<optionalTarget>false</optionalTarget>
<sourceCardinality>1</sourceCardinality>
<sourceEntity>F415245E-D60C-2812-2B2D-9B82F2687274</sourceEntity>
<targetCardinalityString>*</targetCardinalityString>
<targetEntity>FF78F646-A5E8-EA77-942C-93DCD12F8BAD</targetEntity>
<transferable>true</transferable>
<deleteRule>NO ACTION</deleteRule>
</Relation>
