<?xml version = '1.0' encoding = 'UTF-8'?>
<Relation class="oracle.dbtools.crest.model.design.logical.Relation" name="propbin_collectbin" directorySegmentName="seg_0" id="52F0ED46-5C5B-A7B4-ACB0-AC5550E08854">
<createdBy>jingweiong</createdBy>
<createdTime>2023-05-03 06:06:15 UTC</createdTime>
<ownerDesignName>cui_oraclemodel</ownerDesignName>
<engineerTo>
<item key="85BA8656-E6D8-1BCC-1E3F-6C7A9D9C349E" value="true"/>
</engineerTo>
<sourcePk>A60D3321-955B-95F8-E380-3AE9B636E892</sourcePk>
<identifying>true</identifying>
<nameOnSource>assigned with</nameOnSource>
<nameOnTarget> </nameOnTarget>
<optionalSource>true</optionalSource>
<optionalTarget>false</optionalTarget>
<sourceCardinality>1</sourceCardinality>
<sourceEntity>FF78F646-A5E8-EA77-942C-93DCD12F8BAD</sourceEntity>
<targetCardinalityString>*</targetCardinalityString>
<targetEntity>19D4F3EA-41A1-BC02-E237-3A8A2BC8B420</targetEntity>
<transferable>true</transferable>
<deleteRule>NO ACTION</deleteRule>
</Relation>
