<?xml version = '1.0' encoding = 'UTF-8'?>
<Relation class="oracle.dbtools.crest.model.design.logical.Relation" name="collection_collectbin" directorySegmentName="seg_0" id="566FFA8B-882E-7736-E4A2-A824D384D868">
<createdBy>jingweiong</createdBy>
<createdTime>2023-05-03 06:05:48 UTC</createdTime>
<ownerDesignName>cui_oraclemodel</ownerDesignName>
<engineerTo>
<item key="85BA8656-E6D8-1BCC-1E3F-6C7A9D9C349E" value="true"/>
</engineerTo>
<sourcePk>745396CC-3480-1FEB-CBDD-386B1E8FD20C</sourcePk>
<identifying>false</identifying>
<nameOnSource>collects</nameOnSource>
<nameOnTarget> </nameOnTarget>
<optionalSource>true</optionalSource>
<optionalTarget>false</optionalTarget>
<sourceCardinality>1</sourceCardinality>
<sourceEntity>1CECAA88-D9AE-080D-31C6-686A2C8C788D</sourceEntity>
<targetCardinalityString>*</targetCardinalityString>
<targetEntity>19D4F3EA-41A1-BC02-E237-3A8A2BC8B420</targetEntity>
<transferable>true</transferable>
<deleteRule>NO ACTION</deleteRule>
</Relation>
