<?xml version = '1.0' encoding = 'UTF-8'?>
<Relation class="oracle.dbtools.crest.model.design.logical.Relation" name="prop_propown_fk" directorySegmentName="seg_0" id="57767C5D-685D-DF45-2776-C070E9EB6197">
<createdBy>User</createdBy>
<createdTime>2023-05-02 02:36:25 UTC</createdTime>
<ownerDesignName>cui_oraclemodel</ownerDesignName>
<engineerTo>
<item key="85BA8656-E6D8-1BCC-1E3F-6C7A9D9C349E" value="true"/>
</engineerTo>
<sourcePk>22D1624D-EEDC-0CC5-FD50-E33076E065F5</sourcePk>
<identifying>true</identifying>
<nameOnSource>own by</nameOnSource>
<nameOnTarget> </nameOnTarget>
<optionalSource>true</optionalSource>
<optionalTarget>false</optionalTarget>
<sourceCardinality>1</sourceCardinality>
<sourceEntity>6D741588-C2B5-ED3E-5C62-F87BD9CD3735</sourceEntity>
<targetCardinalityString>*</targetCardinalityString>
<targetEntity>3763F627-BA00-FA71-DD40-758728D1CA20</targetEntity>
<transferable>true</transferable>
<deleteRule>NO ACTION</deleteRule>
</Relation>
