<?xml version = '1.0' encoding = 'UTF-8'?>
<Relation class="oracle.dbtools.crest.model.design.logical.Relation" name="contwaste_collection" directorySegmentName="seg_0" id="6E11137C-FE25-58E0-B29B-0A0C4642D7A7">
<createdBy>jingweiong</createdBy>
<createdTime>2023-05-03 06:04:05 UTC</createdTime>
<ownerDesignName>cui_oraclemodel</ownerDesignName>
<engineerTo>
<item key="85BA8656-E6D8-1BCC-1E3F-6C7A9D9C349E" value="true"/>
</engineerTo>
<sourcePk>8C26E64F-63EB-4BF7-5378-CD94C4E29764</sourcePk>
<identifying>true</identifying>
<nameOnSource>covers</nameOnSource>
<nameOnTarget> </nameOnTarget>
<optionalSource>true</optionalSource>
<optionalTarget>false</optionalTarget>
<sourceCardinality>1</sourceCardinality>
<sourceEntity>512394CD-CE91-9A10-889C-89ADE79478D1</sourceEntity>
<targetCardinalityString>*</targetCardinalityString>
<targetEntity>1CECAA88-D9AE-080D-31C6-686A2C8C788D</targetEntity>
<transferable>true</transferable>
<deleteRule>NO ACTION</deleteRule>
</Relation>
