<?xml version = '1.0' encoding = 'UTF-8'?>
<Relation class="oracle.dbtools.crest.model.design.logical.Relation" name="localauth_contract" directorySegmentName="seg_0" id="73E65C06-1BF8-FAC6-C52E-238B99B7B1AE">
<createdBy>jingweiong</createdBy>
<createdTime>2023-05-03 05:59:30 UTC</createdTime>
<ownerDesignName>cui_oraclemodel</ownerDesignName>
<engineerTo>
<item key="85BA8656-E6D8-1BCC-1E3F-6C7A9D9C349E" value="true"/>
</engineerTo>
<sourcePk>A9AF4ED5-8B17-9C91-DD34-0EE00D9836CB</sourcePk>
<identifying>false</identifying>
<nameOnSource>signs</nameOnSource>
<nameOnTarget> </nameOnTarget>
<optionalSource>true</optionalSource>
<optionalTarget>false</optionalTarget>
<sourceCardinality>1</sourceCardinality>
<sourceEntity>BEC3A830-A1C7-A97B-1B50-442009D48E9A</sourceEntity>
<targetCardinalityString>*</targetCardinalityString>
<targetEntity>51835C80-165D-3C63-5ABD-2B78618772A7</targetEntity>
<transferable>true</transferable>
<deleteRule>NO ACTION</deleteRule>
</Relation>
