<?xml version = '1.0' encoding = 'UTF-8'?>
<Relation class="oracle.dbtools.crest.model.design.logical.Relation" name="authtruck_collection" directorySegmentName="seg_0" id="99904770-01C6-5D18-185A-F7B2977860CC">
<createdBy>jingweiong</createdBy>
<createdTime>2023-05-03 06:05:26 UTC</createdTime>
<ownerDesignName>cui_oraclemodel</ownerDesignName>
<engineerTo>
<item key="85BA8656-E6D8-1BCC-1E3F-6C7A9D9C349E" value="true"/>
</engineerTo>
<sourcePk>BD4BBF06-D896-9142-9B60-ECC0FC265D1B</sourcePk>
<identifying>false</identifying>
<nameOnSource>collects</nameOnSource>
<nameOnTarget> </nameOnTarget>
<optionalSource>true</optionalSource>
<optionalTarget>false</optionalTarget>
<sourceCardinality>1</sourceCardinality>
<sourceEntity>6F86C202-1E6A-38A1-DD04-AB38F56964C6</sourceEntity>
<targetCardinalityString>*</targetCardinalityString>
<targetEntity>1CECAA88-D9AE-080D-31C6-686A2C8C788D</targetEntity>
<transferable>true</transferable>
<deleteRule>NO ACTION</deleteRule>
</Relation>
