<?xml version = '1.0' encoding = 'UTF-8'?>
<Relation class="oracle.dbtools.crest.model.design.logical.Relation" name="contract_contbin" directorySegmentName="seg_0" id="9A3D03C8-527B-874E-6F8C-CEC3727A56BD">
<createdBy>jingweiong</createdBy>
<createdTime>2023-05-03 06:00:10 UTC</createdTime>
<ownerDesignName>cui_oraclemodel</ownerDesignName>
<engineerTo>
<item key="85BA8656-E6D8-1BCC-1E3F-6C7A9D9C349E" value="true"/>
</engineerTo>
<sourcePk>492DF6F4-38D8-1FD0-DED0-5D5294D8AC74</sourcePk>
<identifying>true</identifying>
<nameOnSource>covers</nameOnSource>
<nameOnTarget> </nameOnTarget>
<optionalSource>false</optionalSource>
<optionalTarget>false</optionalTarget>
<sourceCardinality>1</sourceCardinality>
<sourceEntity>51835C80-165D-3C63-5ABD-2B78618772A7</sourceEntity>
<targetCardinalityString>*</targetCardinalityString>
<targetEntity>3A1884A3-EC44-EA80-7119-A12580BC2ACD</targetEntity>
<transferable>true</transferable>
<deleteRule>NO ACTION</deleteRule>
</Relation>
