<?xml version = '1.0' encoding = 'UTF-8'?>
<Relation class="oracle.dbtools.crest.model.design.logical.Relation" name="truck_authtruck" directorySegmentName="seg_0" id="ACED42A1-C72D-5640-BC71-814619D36098">
<createdBy>jingweiong</createdBy>
<createdTime>2023-05-03 06:04:55 UTC</createdTime>
<ownerDesignName>cui_oraclemodel</ownerDesignName>
<engineerTo>
<item key="85BA8656-E6D8-1BCC-1E3F-6C7A9D9C349E" value="true"/>
</engineerTo>
<sourcePk>B0EAE33F-F790-6191-72ED-0679C300358F</sourcePk>
<identifying>true</identifying>
<nameOnSource>assigned</nameOnSource>
<nameOnTarget> </nameOnTarget>
<optionalSource>true</optionalSource>
<optionalTarget>false</optionalTarget>
<sourceCardinality>1</sourceCardinality>
<sourceEntity>5B10DEAF-30FB-FD52-0263-4BC345FEB512</sourceEntity>
<targetCardinalityString>*</targetCardinalityString>
<targetEntity>6F86C202-1E6A-38A1-DD04-AB38F56964C6</targetEntity>
<transferable>true</transferable>
<deleteRule>NO ACTION</deleteRule>
</Relation>
