<?xml version = '1.0' encoding = 'UTF-8'?>
<Relation class="oracle.dbtools.crest.model.design.logical.Relation" name="waste_bintype" directorySegmentName="seg_0" id="C6C8B36A-80C2-7048-AA31-1ACD5786725F">
<createdBy>jingweiong</createdBy>
<createdTime>2023-05-03 06:00:44 UTC</createdTime>
<ownerDesignName>cui_oraclemodel</ownerDesignName>
<engineerTo>
<item key="85BA8656-E6D8-1BCC-1E3F-6C7A9D9C349E" value="true"/>
</engineerTo>
<sourcePk>D5A6D7B7-63D2-2904-CB2C-195F2C982D86</sourcePk>
<identifying>true</identifying>
<nameOnSource>store in</nameOnSource>
<nameOnTarget> </nameOnTarget>
<optionalSource>false</optionalSource>
<optionalTarget>false</optionalTarget>
<sourceCardinality>1</sourceCardinality>
<sourceEntity>99831F43-6855-7A9B-BE65-7CC55BDC657D</sourceEntity>
<targetCardinalityString>*</targetCardinalityString>
<targetEntity>F415245E-D60C-2812-2B2D-9B82F2687274</targetEntity>
<transferable>true</transferable>
<deleteRule>NO ACTION</deleteRule>
</Relation>
