<?xml version = '1.0' encoding = 'UTF-8'?>
<Relation class="oracle.dbtools.crest.model.design.logical.Relation" name="bintype_contbin" directorySegmentName="seg_0" id="D63A5FE4-DE9B-FEB2-01B8-9CCF34E16086">
<createdBy>jingweiong</createdBy>
<createdTime>2023-05-03 06:01:21 UTC</createdTime>
<ownerDesignName>cui_oraclemodel</ownerDesignName>
<engineerTo>
<item key="85BA8656-E6D8-1BCC-1E3F-6C7A9D9C349E" value="true"/>
</engineerTo>
<sourcePk>1DD1117F-3031-4603-793E-6671DB3A5E92</sourcePk>
<identifying>true</identifying>
<nameOnSource>supplied by</nameOnSource>
<nameOnTarget> </nameOnTarget>
<optionalSource>true</optionalSource>
<optionalTarget>false</optionalTarget>
<sourceCardinality>1</sourceCardinality>
<sourceEntity>F415245E-D60C-2812-2B2D-9B82F2687274</sourceEntity>
<targetCardinalityString>*</targetCardinalityString>
<targetEntity>3A1884A3-EC44-EA80-7119-A12580BC2ACD</targetEntity>
<transferable>true</transferable>
<deleteRule>NO ACTION</deleteRule>
</Relation>
