<?xml version = '1.0' encoding = 'UTF-8'?>
<Relation class="oracle.dbtools.crest.model.design.logical.Relation" name="street_property" directorySegmentName="seg_0" id="EAECF21C-27A0-65B1-A9B4-DE842E8B7E74">
<createdBy>User</createdBy>
<createdTime>2023-05-02 02:24:53 UTC</createdTime>
<ownerDesignName>cui_oraclemodel</ownerDesignName>
<engineerTo>
<item key="85BA8656-E6D8-1BCC-1E3F-6C7A9D9C349E" value="true"/>
</engineerTo>
<sourcePk>77691646-562C-0EB3-149C-0F0AAEEA53E9</sourcePk>
<identifying>false</identifying>
<nameOnSource>contains</nameOnSource>
<nameOnTarget> </nameOnTarget>
<optionalSource>true</optionalSource>
<optionalTarget>false</optionalTarget>
<sourceCardinality>1</sourceCardinality>
<sourceEntity>9C7F1897-C311-9221-2C7D-63C8919F1089</sourceEntity>
<targetCardinalityString>*</targetCardinalityString>
<targetEntity>6D741588-C2B5-ED3E-5C62-F87BD9CD3735</targetEntity>
<transferable>true</transferable>
<deleteRule>NO ACTION</deleteRule>
</Relation>
