<?xml version = '1.0' encoding = 'UTF-8'?>
<Relation class="oracle.dbtools.crest.model.design.logical.Relation" name="driver_authtruck" directorySegmentName="seg_0" id="ED0BC925-F011-4CE5-90E2-327FA598BE44">
<createdBy>jingweiong</createdBy>
<createdTime>2023-05-03 06:04:35 UTC</createdTime>
<ownerDesignName>cui_oraclemodel</ownerDesignName>
<engineerTo>
<item key="85BA8656-E6D8-1BCC-1E3F-6C7A9D9C349E" value="true"/>
</engineerTo>
<sourcePk>16BFC5C2-FD77-EE66-7E06-0E66D8ABD3F0</sourcePk>
<identifying>true</identifying>
<nameOnSource>drives</nameOnSource>
<nameOnTarget> </nameOnTarget>
<optionalSource>true</optionalSource>
<optionalTarget>false</optionalTarget>
<sourceCardinality>1</sourceCardinality>
<sourceEntity>10691439-3ADB-A193-20CC-52FCEEC43681</sourceEntity>
<targetCardinalityString>*</targetCardinalityString>
<targetEntity>6F86C202-1E6A-38A1-DD04-AB38F56964C6</targetEntity>
<transferable>true</transferable>
<deleteRule>NO ACTION</deleteRule>
</Relation>
