<?xml version = '1.0' encoding = 'UTF-8'?>
<Relation class="oracle.dbtools.crest.model.design.logical.Relation" name="cont_contwaste" directorySegmentName="seg_0" id="F834326C-3A37-10F1-E6A8-2FFF1A892FAC">
<createdBy>jingweiong</createdBy>
<createdTime>2023-05-03 06:02:14 UTC</createdTime>
<ownerDesignName>cui_oraclemodel</ownerDesignName>
<engineerTo>
<item key="85BA8656-E6D8-1BCC-1E3F-6C7A9D9C349E" value="true"/>
</engineerTo>
<sourcePk>492DF6F4-38D8-1FD0-DED0-5D5294D8AC74</sourcePk>
<identifying>true</identifying>
<nameOnSource>covers</nameOnSource>
<nameOnTarget> </nameOnTarget>
<optionalSource>false</optionalSource>
<optionalTarget>false</optionalTarget>
<sourceCardinality>1</sourceCardinality>
<sourceEntity>51835C80-165D-3C63-5ABD-2B78618772A7</sourceEntity>
<targetCardinalityString>*</targetCardinalityString>
<targetEntity>512394CD-CE91-9A10-889C-89ADE79478D1</targetEntity>
<transferable>true</transferable>
<deleteRule>NO ACTION</deleteRule>
</Relation>
