<?xml version = '1.0' encoding = 'UTF-8'?>
<Relation class="oracle.dbtools.crest.model.design.logical.Relation" name="prop_propbin" directorySegmentName="seg_0" id="FE14AD41-DC6A-3E5D-1AD8-633DEA293588">
<createdBy>jingweiong</createdBy>
<createdTime>2023-05-03 06:03:20 UTC</createdTime>
<ownerDesignName>cui_oraclemodel</ownerDesignName>
<engineerTo>
<item key="85BA8656-E6D8-1BCC-1E3F-6C7A9D9C349E" value="true"/>
</engineerTo>
<sourcePk>22D1624D-EEDC-0CC5-FD50-E33076E065F5</sourcePk>
<identifying>false</identifying>
<nameOnSource>owns</nameOnSource>
<nameOnTarget> </nameOnTarget>
<optionalSource>true</optionalSource>
<optionalTarget>false</optionalTarget>
<sourceCardinality>1</sourceCardinality>
<sourceEntity>6D741588-C2B5-ED3E-5C62-F87BD9CD3735</sourceEntity>
<targetCardinalityString>*</targetCardinalityString>
<targetEntity>FF78F646-A5E8-EA77-942C-93DCD12F8BAD</targetEntity>
<transferable>true</transferable>
<deleteRule>NO ACTION</deleteRule>
</Relation>
