<?xml version = '1.0' encoding = 'UTF-8'?>
<FKIndexAssociation class="oracle.dbtools.crest.model.design.relational.FKIndexAssociation" directorySegmentName="seg_0" id="08C17BEA-8664-5B0E-96C5-964FC5778AF8" containerWithKeyObject="47275AC6-A1F8-23E4-E3BE-B515595052C5" localFKIndex="17846C3A-F387-9362-76BB-2109926EA51B" name="truck_authtruck">
<createdBy>jingweiong</createdBy>
<createdTime>2023-05-03 05:33:38 UTC</createdTime>
<generatorID>4A30363B-4DC4-BD8D-5D28-79CC705A557E</generatorID>
<ownerDesignName>cui_oraclemodel</ownerDesignName>
<referredTableLongName>TRUCK</referredTableLongName>
<deleteRule>NO ACTION</deleteRule>
<referredTableID>D2D66901-A8DF-54E6-A838-79C02E517D53</referredTableID>
<keyObject>95B46675-0012-4BA1-920A-EF4E7F4AC5AC</keyObject>
<referredKeyID>95B46675-0012-4BA1-920A-EF4E7F4AC5AC</referredKeyID>
<mandatory>true</mandatory>
<refColNames>truck_vin</refColNames>
<transferable>true</transferable>
<rely>false</rely>
<columnDependencyConstraintGenerateInDDL>true</columnDependencyConstraintGenerateInDDL>
</FKIndexAssociation>
