<?xml version = '1.0' encoding = 'UTF-8'?>
<FKIndexAssociation class="oracle.dbtools.crest.model.design.relational.FKIndexAssociation" directorySegmentName="seg_0" id="0A4BDF1E-A240-123A-DE20-7571C689F597" containerWithKeyObject="20E765C9-3B81-684A-74E2-803799E01148" localFKIndex="9308661D-2F8D-EB57-3116-D67895B0EDFC" name="waste_contwaste">
<createdBy>User</createdBy>
<createdTime>2023-05-02 23:34:35 UTC</createdTime>
<generatorID>E29A7BA3-3BB6-F5BE-FE82-86536A2B718D</generatorID>
<ownerDesignName>cui_oraclemodel</ownerDesignName>
<referredTableLongName>WASTE</referredTableLongName>
<deleteRule>NO ACTION</deleteRule>
<referredTableID>6842EE03-AB04-5048-EEDB-8E61E5D6F5C7</referredTableID>
<keyObject>A92EDB3D-06A3-6165-E35A-6DE89210968F</keyObject>
<referredKeyID>A92EDB3D-06A3-6165-E35A-6DE89210968F</referredKeyID>
<mandatory>true</mandatory>
<refColNames>waste_type_id</refColNames>
<transferable>true</transferable>
<rely>false</rely>
<columnDependencyConstraintGenerateInDDL>true</columnDependencyConstraintGenerateInDDL>
</FKIndexAssociation>
