<?xml version = '1.0' encoding = 'UTF-8'?>
<FKIndexAssociation class="oracle.dbtools.crest.model.design.relational.FKIndexAssociation" directorySegmentName="seg_0" id="16833B9D-3394-8469-7BC5-9592E7FF2BF5" containerWithKeyObject="5C4E4293-EE5A-9A14-50D4-2717E2A5F639" localFKIndex="0DB78739-9FED-4030-4C8D-8AD07F812683" name="property_propbin_fk">
<createdBy>User</createdBy>
<createdTime>2023-05-02 23:34:35 UTC</createdTime>
<generatorID>62D4D0FC-4DA7-E92E-FC1D-58801119001E</generatorID>
<ownerDesignName>cui_oraclemodel</ownerDesignName>
<referredTableLongName>PROPERTY</referredTableLongName>
<deleteRule>NO ACTION</deleteRule>
<referredTableID>87BBE41C-BDEB-9A5C-9B9D-F4E78E8CA597</referredTableID>
<keyObject>E9BA679F-660A-87BB-55AC-73730E258B2D</keyObject>
<referredKeyID>E9BA679F-660A-87BB-55AC-73730E258B2D</referredKeyID>
<mandatory>true</mandatory>
<refColNames>prop_no</refColNames>
<transferable>true</transferable>
<rely>false</rely>
<columnDependencyConstraintGenerateInDDL>true</columnDependencyConstraintGenerateInDDL>
</FKIndexAssociation>
