<?xml version = '1.0' encoding = 'UTF-8'?>
<FKIndexAssociation class="oracle.dbtools.crest.model.design.relational.FKIndexAssociation" directorySegmentName="seg_0" id="2049E475-FE8A-C890-29FA-A9491BF82030" containerWithKeyObject="581EF15F-4623-E176-A9C8-E95BF1BCE2BF" localFKIndex="1869978A-9564-8514-2C32-40085A74E994" name="propbin_colbin_fk">
<createdBy>User</createdBy>
<createdTime>2023-05-02 23:34:35 UTC</createdTime>
<generatorID>AA63132B-AA8C-7962-B453-39382CDB98B0</generatorID>
<ownerDesignName>cui_oraclemodel</ownerDesignName>
<referredTableLongName>PROPERTY_BIN</referredTableLongName>
<deleteRule>NO ACTION</deleteRule>
<referredTableID>5C4E4293-EE5A-9A14-50D4-2717E2A5F639</referredTableID>
<keyObject>4050A45D-D08A-8EF7-E961-366D9C83E089</keyObject>
<referredKeyID>4050A45D-D08A-8EF7-E961-366D9C83E089</referredKeyID>
<mandatory>true</mandatory>
<refColNames>propbin_RFID_tag</refColNames>
<transferable>true</transferable>
<rely>false</rely>
<columnDependencyConstraintGenerateInDDL>true</columnDependencyConstraintGenerateInDDL>
</FKIndexAssociation>
