<?xml version = '1.0' encoding = 'UTF-8'?>
<FKIndexAssociation class="oracle.dbtools.crest.model.design.relational.FKIndexAssociation" directorySegmentName="seg_0" id="2C972989-2439-2E87-94F0-C6BB371A32CE" containerWithKeyObject="AAEE53B1-1023-CD8E-4F47-57231292E941" localFKIndex="EACB27B7-849C-5103-3234-E23ED675B99C" name="localauth_contract">
<createdBy>User</createdBy>
<createdTime>2023-05-02 23:34:35 UTC</createdTime>
<generatorID>333807E5-F0C5-6802-BD8F-21853B0A3CC5</generatorID>
<ownerDesignName>cui_oraclemodel</ownerDesignName>
<referredTableLongName>LOCAL_AUTHORITY</referredTableLongName>
<deleteRule>NO ACTION</deleteRule>
<referredTableID>F7BB4A37-D25F-3B3C-D584-679ADCCA9056</referredTableID>
<keyObject>CEC80CBC-2EC0-DB38-813B-875CDDC7618A</keyObject>
<referredKeyID>CEC80CBC-2EC0-DB38-813B-875CDDC7618A</referredKeyID>
<mandatory>true</mandatory>
<refColNames>auth_name</refColNames>
<transferable>true</transferable>
<rely>false</rely>
<columnDependencyConstraintGenerateInDDL>true</columnDependencyConstraintGenerateInDDL>
</FKIndexAssociation>
