<?xml version = '1.0' encoding = 'UTF-8'?>
<FKIndexAssociation class="oracle.dbtools.crest.model.design.relational.FKIndexAssociation" directorySegmentName="seg_0" id="3598A894-AF70-BD03-6189-31CA7AB8FA5C" containerWithKeyObject="3F2BE973-498F-5742-06F0-E3F26A38ED08" localFKIndex="E4519006-BA23-FC9A-521B-D02D4AAE0671" name="contwaste_collection">
<createdBy>jingweiong</createdBy>
<createdTime>2023-05-03 05:33:38 UTC</createdTime>
<generatorID>528483A2-F9E7-FC48-1653-0DCB3E97C0EE</generatorID>
<ownerDesignName>cui_oraclemodel</ownerDesignName>
<referredTableLongName>CONTRACT_WASTE</referredTableLongName>
<deleteRule>NO ACTION</deleteRule>
<referredTableID>20E765C9-3B81-684A-74E2-803799E01148</referredTableID>
<keyObject>AFA78ED7-71DD-EBDA-1813-20191E8C2E39</keyObject>
<referredKeyID>AFA78ED7-71DD-EBDA-1813-20191E8C2E39</referredKeyID>
<mandatory>true</mandatory>
<refColNames>waste_type_id</refColNames>
<transferable>true</transferable>
<rely>false</rely>
<columnDependencyConstraintGenerateInDDL>true</columnDependencyConstraintGenerateInDDL>
</FKIndexAssociation>
