<?xml version = '1.0' encoding = 'UTF-8'?>
<FKIndexAssociation class="oracle.dbtools.crest.model.design.relational.FKIndexAssociation" directorySegmentName="seg_0" id="41D19CE9-9762-B501-1F13-47759EE99489" containerWithKeyObject="5C4E4293-EE5A-9A14-50D4-2717E2A5F639" localFKIndex="B55B5AAD-143F-26FB-13ED-624999B16658" name="bintype_propbin_fk">
<createdBy>User</createdBy>
<createdTime>2023-05-02 23:34:35 UTC</createdTime>
<generatorID>9C563F54-76AA-902A-6139-931CF71ABC27</generatorID>
<ownerDesignName>cui_oraclemodel</ownerDesignName>
<referredTableLongName>BIN_TYPE</referredTableLongName>
<deleteRule>NO ACTION</deleteRule>
<referredTableID>EFBEF641-4989-873F-61E1-10CAF602A2AE</referredTableID>
<keyObject>9D6BBAB5-C20D-70B6-775E-47F014CDBFCC</keyObject>
<referredKeyID>9D6BBAB5-C20D-70B6-775E-47F014CDBFCC</referredKeyID>
<mandatory>true</mandatory>
<refColNames>bin_size,waste_type_id</refColNames>
<transferable>true</transferable>
<rely>false</rely>
<columnDependencyConstraintGenerateInDDL>true</columnDependencyConstraintGenerateInDDL>
</FKIndexAssociation>
