<?xml version = '1.0' encoding = 'UTF-8'?>
<FKIndexAssociation class="oracle.dbtools.crest.model.design.relational.FKIndexAssociation" directorySegmentName="seg_0" id="5828AB62-CABF-797F-C75F-B9D3C4903EA1" containerWithKeyObject="47275AC6-A1F8-23E4-E3BE-B515595052C5" localFKIndex="1D53B18B-E660-2646-6B92-A0F400BBD4FC" name="driver_authtruck">
<createdBy>jingweiong</createdBy>
<createdTime>2023-05-03 05:33:38 UTC</createdTime>
<generatorID>DD9BC2E4-EF64-AAB4-0253-3B9CFA6FA35D</generatorID>
<ownerDesignName>cui_oraclemodel</ownerDesignName>
<referredTableLongName>DRIVER</referredTableLongName>
<deleteRule>NO ACTION</deleteRule>
<referredTableID>E404A104-72AE-AFFE-E872-053850DCDBCA</referredTableID>
<keyObject>296C1749-7EDA-4130-CEE0-77D0DC030D39</keyObject>
<referredKeyID>296C1749-7EDA-4130-CEE0-77D0DC030D39</referredKeyID>
<mandatory>true</mandatory>
<refColNames>driver_num</refColNames>
<transferable>true</transferable>
<rely>false</rely>
<columnDependencyConstraintGenerateInDDL>true</columnDependencyConstraintGenerateInDDL>
</FKIndexAssociation>
