<?xml version = '1.0' encoding = 'UTF-8'?>
<FKIndexAssociation class="oracle.dbtools.crest.model.design.relational.FKIndexAssociation" directorySegmentName="seg_0" id="64E26EF3-22CC-C8A6-FEBD-77D9F03CE4C8" containerWithKeyObject="EFBEF641-4989-873F-61E1-10CAF602A2AE" localFKIndex="E5F8D29F-9043-CD65-9092-22C744391DDC" name="waste_bintype">
<createdBy>User</createdBy>
<createdTime>2023-05-02 23:34:35 UTC</createdTime>
<generatorID>3EB7C456-FA31-CD6E-FF5B-4158D7FD9832</generatorID>
<ownerDesignName>cui_oraclemodel</ownerDesignName>
<referredTableLongName>WASTE</referredTableLongName>
<deleteRule>NO ACTION</deleteRule>
<referredTableID>6842EE03-AB04-5048-EEDB-8E61E5D6F5C7</referredTableID>
<keyObject>A92EDB3D-06A3-6165-E35A-6DE89210968F</keyObject>
<referredKeyID>A92EDB3D-06A3-6165-E35A-6DE89210968F</referredKeyID>
<mandatory>true</mandatory>
<refColNames>waste_type_id</refColNames>
<transferable>true</transferable>
<rely>false</rely>
<columnDependencyConstraintGenerateInDDL>true</columnDependencyConstraintGenerateInDDL>
</FKIndexAssociation>
