<?xml version = '1.0' encoding = 'UTF-8'?>
<FKIndexAssociation class="oracle.dbtools.crest.model.design.relational.FKIndexAssociation" directorySegmentName="seg_0" id="69732A15-40AA-8DED-67DA-1A506CC037FF" containerWithKeyObject="3F2BE973-498F-5742-06F0-E3F26A38ED08" localFKIndex="3175271E-724C-5489-730B-510958D02400" name="contwaste_collection">
<createdBy>User</createdBy>
<createdTime>2023-05-02 23:34:35 UTC</createdTime>
<generatorID>0B1982FC-F5D0-E63B-6848-F4209DC26AB1</generatorID>
<ownerDesignName>cui_oraclemodel</ownerDesignName>
<referredTableLongName>CONTRACT_WASTE</referredTableLongName>
<deleteRule>NO ACTION</deleteRule>
<referredTableID>20E765C9-3B81-684A-74E2-803799E01148</referredTableID>
<keyObject>AFA78ED7-71DD-EBDA-1813-20191E8C2E39</keyObject>
<referredKeyID>AFA78ED7-71DD-EBDA-1813-20191E8C2E39</referredKeyID>
<mandatory>true</mandatory>
<refColNames>cont_num,waste_type_id</refColNames>
<transferable>true</transferable>
<rely>false</rely>
<columnDependencyConstraintGenerateInDDL>true</columnDependencyConstraintGenerateInDDL>
</FKIndexAssociation>
