<?xml version = '1.0' encoding = 'UTF-8'?>
<FKIndexAssociation class="oracle.dbtools.crest.model.design.relational.FKIndexAssociation" directorySegmentName="seg_0" id="AF86C3E6-8C1D-D49F-9C73-1145347AE4EE" containerWithKeyObject="E094C707-338C-E63A-6E11-B56350A29237" localFKIndex="EA9B3915-D95B-FCBD-1492-7283996320CB" name="contract_contbin">
<createdBy>jingweiong</createdBy>
<createdTime>2023-05-03 05:33:38 UTC</createdTime>
<generatorID>7D836373-74F4-D3F1-66C1-BFF1C58D0F99</generatorID>
<ownerDesignName>cui_oraclemodel</ownerDesignName>
<referredTableLongName>CONTRACT</referredTableLongName>
<deleteRule>NO ACTION</deleteRule>
<referredTableID>AAEE53B1-1023-CD8E-4F47-57231292E941</referredTableID>
<keyObject>5A827836-B8B9-A6E5-06F2-E77FC6106141</keyObject>
<referredKeyID>5A827836-B8B9-A6E5-06F2-E77FC6106141</referredKeyID>
<mandatory>true</mandatory>
<refColNames>cont_num</refColNames>
<transferable>true</transferable>
<rely>false</rely>
<columnDependencyConstraintGenerateInDDL>true</columnDependencyConstraintGenerateInDDL>
</FKIndexAssociation>
