<?xml version = '1.0' encoding = 'UTF-8'?>
<FKIndexAssociation class="oracle.dbtools.crest.model.design.relational.FKIndexAssociation" directorySegmentName="seg_0" id="B4E8F470-EF1D-E770-05E4-E24AB0E69503" containerWithKeyObject="E094C707-338C-E63A-6E11-B56350A29237" localFKIndex="5DFDD9D2-B1C0-1ABE-345C-51C00CBAB1AD" name="bintype_contractbin">
<createdBy>jingweiong</createdBy>
<createdTime>2023-05-03 05:33:38 UTC</createdTime>
<generatorID>87B92048-4BAA-A037-D9A3-694B5078540D</generatorID>
<ownerDesignName>cui_oraclemodel</ownerDesignName>
<referredTableLongName>BIN_TYPE</referredTableLongName>
<deleteRule>NO ACTION</deleteRule>
<referredTableID>EFBEF641-4989-873F-61E1-10CAF602A2AE</referredTableID>
<keyObject>9D6BBAB5-C20D-70B6-775E-47F014CDBFCC</keyObject>
<referredKeyID>9D6BBAB5-C20D-70B6-775E-47F014CDBFCC</referredKeyID>
<mandatory>true</mandatory>
<refColNames>bin_size,waste_type_id</refColNames>
<transferable>true</transferable>
<rely>false</rely>
<columnDependencyConstraintGenerateInDDL>true</columnDependencyConstraintGenerateInDDL>
</FKIndexAssociation>
