<?xml version = '1.0' encoding = 'UTF-8'?>
<FKIndexAssociation class="oracle.dbtools.crest.model.design.relational.FKIndexAssociation" directorySegmentName="seg_0" id="C6C11F93-F6BD-17DC-1225-F0B60841DC17" containerWithKeyObject="2506D77E-49BC-AFE3-A4F0-6BD1F5A20998" localFKIndex="A2E653BC-B6A8-5AD1-7F7E-A0CD9E544EAC" name="prop_propown_fk">
<createdBy>User</createdBy>
<createdTime>2023-05-02 23:34:35 UTC</createdTime>
<generatorID>57767C5D-685D-DF45-2776-C070E9EB6197</generatorID>
<ownerDesignName>cui_oraclemodel</ownerDesignName>
<referredTableLongName>PROPERTY</referredTableLongName>
<deleteRule>NO ACTION</deleteRule>
<referredTableID>87BBE41C-BDEB-9A5C-9B9D-F4E78E8CA597</referredTableID>
<keyObject>E9BA679F-660A-87BB-55AC-73730E258B2D</keyObject>
<referredKeyID>E9BA679F-660A-87BB-55AC-73730E258B2D</referredKeyID>
<mandatory>true</mandatory>
<refColNames>prop_no</refColNames>
<transferable>true</transferable>
<rely>false</rely>
<columnDependencyConstraintGenerateInDDL>true</columnDependencyConstraintGenerateInDDL>
</FKIndexAssociation>
