<?xml version = '1.0' encoding = 'UTF-8'?>
<FKIndexAssociation class="oracle.dbtools.crest.model.design.relational.FKIndexAssociation" directorySegmentName="seg_0" id="CFB78071-5803-6162-A2D8-FF25BDED9C0A" containerWithKeyObject="581EF15F-4623-E176-A9C8-E95BF1BCE2BF" localFKIndex="BE2E5E23-359B-9CF7-A415-C8B985478DF3" name="collection_colbin_fk">
<createdBy>User</createdBy>
<createdTime>2023-05-03 03:47:43 UTC</createdTime>
<generatorID>1A8AD920-2992-EDEE-B8EA-B345D16D0CAE</generatorID>
<ownerDesignName>cui_oraclemodel</ownerDesignName>
<referredTableLongName>COLLECTION</referredTableLongName>
<deleteRule>NO ACTION</deleteRule>
<referredTableID>3F2BE973-498F-5742-06F0-E3F26A38ED08</referredTableID>
<keyObject>87B6D9E6-D736-F664-8160-13A658F5C474</keyObject>
<referredKeyID>87B6D9E6-D736-F664-8160-13A658F5C474</referredKeyID>
<mandatory>true</mandatory>
<refColNames>collection_date,cont_num2,waste_type_id2</refColNames>
<transferable>true</transferable>
<rely>false</rely>
<columnDependencyConstraintGenerateInDDL>true</columnDependencyConstraintGenerateInDDL>
</FKIndexAssociation>
