<?xml version = '1.0' encoding = 'UTF-8'?>
<FKIndexAssociation class="oracle.dbtools.crest.model.design.relational.FKIndexAssociation" directorySegmentName="seg_0" id="D0406658-9870-BC49-A63A-32A9174860F7" containerWithKeyObject="87BBE41C-BDEB-9A5C-9B9D-F4E78E8CA597" localFKIndex="B62C733B-2D73-E13F-D818-79896AF7B5ED" name="street_property">
<createdBy>User</createdBy>
<createdTime>2023-05-02 23:34:35 UTC</createdTime>
<generatorID>EAECF21C-27A0-65B1-A9B4-DE842E8B7E74</generatorID>
<ownerDesignName>cui_oraclemodel</ownerDesignName>
<referredTableLongName>STREET</referredTableLongName>
<deleteRule>NO ACTION</deleteRule>
<referredTableID>9497EDF4-7B7B-B5CE-9785-5135CDC27C5B</referredTableID>
<keyObject>A4130DF5-A94C-C653-651C-9D7CBF125ED5</keyObject>
<referredKeyID>A4130DF5-A94C-C653-651C-9D7CBF125ED5</referredKeyID>
<mandatory>true</mandatory>
<refColNames>street_id,auth_name</refColNames>
<transferable>true</transferable>
<rely>false</rely>
<columnDependencyConstraintGenerateInDDL>true</columnDependencyConstraintGenerateInDDL>
</FKIndexAssociation>
