<?xml version = '1.0' encoding = 'UTF-8'?>
<FKIndexAssociation class="oracle.dbtools.crest.model.design.relational.FKIndexAssociation" directorySegmentName="seg_0" id="E8E67CD1-C8DD-E42F-0F0B-B7EF26E5D430" containerWithKeyObject="20E765C9-3B81-684A-74E2-803799E01148" localFKIndex="5D13463B-3368-D8F4-F926-B2E5BB34934A" name="contract_contwaste">
<createdBy>jingweiong</createdBy>
<createdTime>2023-05-03 05:33:38 UTC</createdTime>
<generatorID>A98982F6-EB07-A8A4-BC01-6982241A1556</generatorID>
<ownerDesignName>cui_oraclemodel</ownerDesignName>
<referredTableLongName>CONTRACT</referredTableLongName>
<deleteRule>NO ACTION</deleteRule>
<referredTableID>AAEE53B1-1023-CD8E-4F47-57231292E941</referredTableID>
<keyObject>5A827836-B8B9-A6E5-06F2-E77FC6106141</keyObject>
<referredKeyID>5A827836-B8B9-A6E5-06F2-E77FC6106141</referredKeyID>
<mandatory>true</mandatory>
<refColNames>cont_num</refColNames>
<transferable>true</transferable>
<rely>false</rely>
<columnDependencyConstraintGenerateInDDL>true</columnDependencyConstraintGenerateInDDL>
</FKIndexAssociation>
