<?xml version = '1.0' encoding = 'UTF-8'?>
<FKIndexAssociation class="oracle.dbtools.crest.model.design.relational.FKIndexAssociation" directorySegmentName="seg_0" id="EC1B68ED-0A51-CE46-A2DD-A65FA471035E" containerWithKeyObject="9497EDF4-7B7B-B5CE-9785-5135CDC27C5B" localFKIndex="4220D9FE-FC6B-544D-DD6E-B3772C0ABEB8" name="localauth_street">
<createdBy>User</createdBy>
<createdTime>2023-05-02 23:34:35 UTC</createdTime>
<generatorID>0A986083-F7EA-1168-3895-E0A5D9490C08</generatorID>
<ownerDesignName>cui_oraclemodel</ownerDesignName>
<referredTableLongName>LOCAL_AUTHORITY</referredTableLongName>
<deleteRule>NO ACTION</deleteRule>
<referredTableID>F7BB4A37-D25F-3B3C-D584-679ADCCA9056</referredTableID>
<keyObject>CEC80CBC-2EC0-DB38-813B-875CDDC7618A</keyObject>
<referredKeyID>CEC80CBC-2EC0-DB38-813B-875CDDC7618A</referredKeyID>
<mandatory>true</mandatory>
<refColNames>auth_name</refColNames>
<transferable>true</transferable>
<rely>false</rely>
<columnDependencyConstraintGenerateInDDL>true</columnDependencyConstraintGenerateInDDL>
</FKIndexAssociation>
