<?xml version = '1.0' encoding = 'UTF-8'?>
<FKIndexAssociation class="oracle.dbtools.crest.model.design.relational.FKIndexAssociation" directorySegmentName="seg_0" id="F747429F-AEBE-388D-F59A-D7F9664664AD" containerWithKeyObject="2506D77E-49BC-AFE3-A4F0-6BD1F5A20998" localFKIndex="1421B7AC-492C-00F1-4998-F4AEA6916304" name="owner_propown_fk">
<createdBy>User</createdBy>
<createdTime>2023-05-02 23:34:35 UTC</createdTime>
<generatorID>2527A6CF-FC75-2B1E-4BCA-A40AABECD69A</generatorID>
<ownerDesignName>cui_oraclemodel</ownerDesignName>
<referredTableLongName>OWNER</referredTableLongName>
<deleteRule>NO ACTION</deleteRule>
<referredTableID>828356D5-B9DA-1733-7AE6-3D68AD14F907</referredTableID>
<keyObject>124DE744-40D6-15B2-08C0-A92DF782E372</keyObject>
<referredKeyID>124DE744-40D6-15B2-08C0-A92DF782E372</referredKeyID>
<mandatory>true</mandatory>
<refColNames>own_id</refColNames>
<transferable>true</transferable>
<rely>false</rely>
<columnDependencyConstraintGenerateInDDL>true</columnDependencyConstraintGenerateInDDL>
</FKIndexAssociation>
