<?xml version = '1.0' encoding = 'UTF-8'?>
<FKIndexAssociation class="oracle.dbtools.crest.model.design.relational.FKIndexAssociation" directorySegmentName="seg_0" id="FE9507F8-9524-CF5D-789D-AEA0DE232261" containerWithKeyObject="3F2BE973-498F-5742-06F0-E3F26A38ED08" localFKIndex="BE87749E-1DF7-D210-A720-695F619B89C0" name="authtruck_collection">
<createdBy>jingweiong</createdBy>
<createdTime>2023-05-03 05:33:38 UTC</createdTime>
<generatorID>C79D4B92-6526-4F74-CD1F-E590A60D9037</generatorID>
<ownerDesignName>cui_oraclemodel</ownerDesignName>
<referredTableLongName>AUTHORISED_TRUCK</referredTableLongName>
<deleteRule>NO ACTION</deleteRule>
<referredTableID>47275AC6-A1F8-23E4-E3BE-B515595052C5</referredTableID>
<keyObject>551CB572-8071-9557-B3BC-B9E2012DD07A</keyObject>
<referredKeyID>551CB572-8071-9557-B3BC-B9E2012DD07A</referredKeyID>
<mandatory>true</mandatory>
<transferable>true</transferable>
<rely>false</rely>
<columnDependencyConstraintGenerateInDDL>true</columnDependencyConstraintGenerateInDDL>
</FKIndexAssociation>
