<?xml version = '1.0' encoding = 'UTF-8'?>
<Diagram class="oracle.dbtools.crest.swingui.relational.DPVRelational" name="Relational_1" id="4C061E1C-68A5-96ED-CBFC-99C037A3A1C5">
<createdBy>jingweiong</createdBy>
<modifiedBy>jingweiong</modifiedBy>
<createdTime>2023-04-30 08:35:09 UTC</createdTime>
<autoRoute>false</autoRoute>
<boxInbox>true</boxInbox>
<showLegend>false</showLegend>
<showLabels>false</showLabels>
<showRelAttributes>false</showRelAttributes>
<gridEnabled>false</gridEnabled>
<showGrid>false</showGrid>
<diagramColor>-1</diagramColor>
<display>false</display>
<notation>1</notation>
<objectViews>
<OView class="oracle.dbtools.crest.swingui.relational.TVTable" oid="20E765C9-3B81-684A-74E2-803799E01148" otype="Table" vid="AC3929A5-680C-1D58-68CE-BE0EB56CFE68">
<hideElementsInCurrentOnly>false</hideElementsInCurrentOnly>
<bounds x="101" y="775" width="184" height="111"/>
</OView>
<OView class="oracle.dbtools.crest.swingui.relational.TVTable" oid="2506D77E-49BC-AFE3-A4F0-6BD1F5A20998" otype="Table" vid="65892D7B-E60D-3D73-9937-81D84A77152A">
<hideElementsInCurrentOnly>false</hideElementsInCurrentOnly>
<bounds x="1078" y="237" width="234" height="114"/>
</OView>
<OView class="oracle.dbtools.crest.swingui.relational.TVTable" oid="3F2BE973-498F-5742-06F0-E3F26A38ED08" otype="Table" vid="D4C5E848-9E36-07CA-54D4-D86B80411D0C">
<hideElementsInCurrentOnly>false</hideElementsInCurrentOnly>
<bounds x="1137" y="864" width="170" height="111"/>
</OView>
<OView class="oracle.dbtools.crest.swingui.relational.TVTable" oid="47275AC6-A1F8-23E4-E3BE-B515595052C5" otype="Table" vid="AB2FAAEC-EA18-599A-FEDC-0B207B6767A7">
<hideElementsInCurrentOnly>false</hideElementsInCurrentOnly>
<bounds x="1155" y="1036" width="170" height="111"/>
</OView>
<OView class="oracle.dbtools.crest.swingui.relational.TVTable" oid="581EF15F-4623-E176-A9C8-E95BF1BCE2BF" otype="Table" vid="E5BC18BB-A2A9-5961-C293-288EED19E296">
<hideElementsInCurrentOnly>false</hideElementsInCurrentOnly>
<bounds x="1141" y="471" width="170" height="114"/>
</OView>
<OView class="oracle.dbtools.crest.swingui.relational.TVTable" oid="5C4E4293-EE5A-9A14-50D4-2717E2A5F639" otype="Table" vid="5B99AE82-9327-F2B0-F7FB-1BCF58FCC320">
<hideElementsInCurrentOnly>false</hideElementsInCurrentOnly>
<bounds x="789" y="461" width="278" height="183"/>
</OView>
<OView class="oracle.dbtools.crest.swingui.relational.TVTable" oid="6842EE03-AB04-5048-EEDB-8E61E5D6F5C7" otype="Table" vid="2DD4F950-3CBF-0FE0-402F-7C83BA3CDAD6">
<hideElementsInCurrentOnly>false</hideElementsInCurrentOnly>
<bounds x="521" y="698" width="170" height="114"/>
</OView>
<OView class="oracle.dbtools.crest.swingui.relational.TVTable" oid="828356D5-B9DA-1733-7AE6-3D68AD14F907" otype="Table" vid="64931272-FF2D-44C8-919B-F994346A8AFF">
<hideElementsInCurrentOnly>false</hideElementsInCurrentOnly>
<bounds x="1380" y="239" width="170" height="113"/>
</OView>
<OView class="oracle.dbtools.crest.swingui.relational.TVTable" oid="87BBE41C-BDEB-9A5C-9B9D-F4E78E8CA597" otype="Table" vid="ECA27A73-7868-C1A1-08F3-B2D7A92C152E">
<hideElementsInCurrentOnly>false</hideElementsInCurrentOnly>
<bounds x="766" y="238" width="268" height="138"/>
</OView>
<OView class="oracle.dbtools.crest.swingui.relational.TVTable" oid="9497EDF4-7B7B-B5CE-9785-5135CDC27C5B" otype="Table" vid="39AC2EE3-F1E5-D1EB-906B-02D311FC04E9">
<hideElementsInCurrentOnly>false</hideElementsInCurrentOnly>
<bounds x="402" y="235" width="250" height="151"/>
</OView>
<OView class="oracle.dbtools.crest.swingui.relational.TVTable" oid="AAEE53B1-1023-CD8E-4F47-57231292E941" otype="Table" vid="BD7FF22D-7FE6-FBAF-6C71-056BE3B23077">
<hideElementsInCurrentOnly>false</hideElementsInCurrentOnly>
<bounds x="92" y="466" width="211" height="124"/>
</OView>
<OView class="oracle.dbtools.crest.swingui.relational.TVTable" oid="D2D66901-A8DF-54E6-A838-79C02E517D53" otype="Table" vid="87AB5A09-2057-BC50-0E89-D4817F5A9CE9">
<hideElementsInCurrentOnly>false</hideElementsInCurrentOnly>
<bounds x="1261" y="1215" width="170" height="115"/>
</OView>
<OView class="oracle.dbtools.crest.swingui.relational.TVTable" oid="E094C707-338C-E63A-6E11-B56350A29237" otype="Table" vid="58C48C27-F793-0E8C-DBBB-46EDD71C3729">
<hideElementsInCurrentOnly>false</hideElementsInCurrentOnly>
<bounds x="417" y="462" width="262" height="200"/>
</OView>
<OView class="oracle.dbtools.crest.swingui.relational.TVTable" oid="E404A104-72AE-AFFE-E872-053850DCDBCA" otype="Table" vid="E1E222B9-23A7-546C-6664-B2EA8C330BF9">
<hideElementsInCurrentOnly>false</hideElementsInCurrentOnly>
<bounds x="1027" y="1213" width="170" height="136"/>
</OView>
<OView class="oracle.dbtools.crest.swingui.relational.TVTable" oid="EFBEF641-4989-873F-61E1-10CAF602A2AE" otype="Table" vid="30296F00-EC63-6E0E-283A-BBD89E83E1D9">
<hideElementsInCurrentOnly>false</hideElementsInCurrentOnly>
<bounds x="796" y="704" width="170" height="113"/>
</OView>
<OView class="oracle.dbtools.crest.swingui.relational.TVTable" oid="F7BB4A37-D25F-3B3C-D584-679ADCCA9056" otype="Table" vid="C98DA0D4-E159-F908-F5AD-99784D326B52">
<hideElementsInCurrentOnly>false</hideElementsInCurrentOnly>
<bounds x="93" y="233" width="250" height="133"/>
</OView>
</objectViews>
<connectors>
<Connector class="oracle.dbtools.crest.swingui.relational.TVFKRelation" oid="08C17BEA-8664-5B0E-96C5-964FC5778AF8" otype="FKIndexAssociation" vid_source="87AB5A09-2057-BC50-0E89-D4817F5A9CE9" vid_target="AB2FAAEC-EA18-599A-FEDC-0B207B6767A7">
<hideElementsInCurrentOnly>false</hideElementsInCurrentOnly>
<backgroundColor>-16777216</backgroundColor>
<lineWidth>1</lineWidth>
<points>
<point x="1308" y="1215"/>
<point x="1308" y="1147"/>
</points>
</Connector>
<Connector class="oracle.dbtools.crest.swingui.relational.TVFKRelation" oid="0A4BDF1E-A240-123A-DE20-7571C689F597" otype="FKIndexAssociation" vid_source="2DD4F950-3CBF-0FE0-402F-7C83BA3CDAD6" vid_target="AC3929A5-680C-1D58-68CE-BE0EB56CFE68">
<hideElementsInCurrentOnly>false</hideElementsInCurrentOnly>
<backgroundColor>-16777216</backgroundColor>
<lineWidth>1</lineWidth>
<points>
<point x="521" y="778"/>
<point x="285" y="778"/>
</points>
</Connector>
<Connector class="oracle.dbtools.crest.swingui.relational.TVFKRelation" oid="16833B9D-3394-8469-7BC5-9592E7FF2BF5" otype="FKIndexAssociation" vid_source="ECA27A73-7868-C1A1-08F3-B2D7A92C152E" vid_target="5B99AE82-9327-F2B0-F7FB-1BCF58FCC320">
<hideElementsInCurrentOnly>false</hideElementsInCurrentOnly>
<backgroundColor>-16777216</backgroundColor>
<lineWidth>1</lineWidth>
<points>
<point x="911" y="376"/>
<point x="911" y="461"/>
</points>
</Connector>
<Connector class="oracle.dbtools.crest.swingui.relational.TVFKRelation" oid="2049E475-FE8A-C890-29FA-A9491BF82030" otype="FKIndexAssociation" vid_source="5B99AE82-9327-F2B0-F7FB-1BCF58FCC320" vid_target="E5BC18BB-A2A9-5961-C293-288EED19E296">
<hideElementsInCurrentOnly>false</hideElementsInCurrentOnly>
<backgroundColor>-16777216</backgroundColor>
<lineWidth>1</lineWidth>
<points>
<point x="1067" y="528"/>
<point x="1141" y="528"/>
</points>
</Connector>
<Connector class="oracle.dbtools.crest.swingui.relational.TVFKRelation" oid="2C972989-2439-2E87-94F0-C6BB371A32CE" otype="FKIndexAssociation" vid_source="C98DA0D4-E159-F908-F5AD-99784D326B52" vid_target="BD7FF22D-7FE6-FBAF-6C71-056BE3B23077">
<hideElementsInCurrentOnly>false</hideElementsInCurrentOnly>
<backgroundColor>-16777216</backgroundColor>
<lineWidth>1</lineWidth>
<points>
<point x="198" y="366"/>
<point x="198" y="466"/>
</points>
</Connector>
<Connector class="oracle.dbtools.crest.swingui.relational.TVFKRelation" oid="3598A894-AF70-BD03-6189-31CA7AB8FA5C" otype="FKIndexAssociation" vid_source="AC3929A5-680C-1D58-68CE-BE0EB56CFE68" vid_target="D4C5E848-9E36-07CA-54D4-D86B80411D0C">
<hideElementsInCurrentOnly>false</hideElementsInCurrentOnly>
<backgroundColor>-16777216</backgroundColor>
<lineWidth>1</lineWidth>
<points>
<point x="285" y="875"/>
<point x="1137" y="875"/>
</points>
</Connector>
<Connector class="oracle.dbtools.crest.swingui.relational.TVFKRelation" oid="41D19CE9-9762-B501-1F13-47759EE99489" otype="FKIndexAssociation" vid_source="30296F00-EC63-6E0E-283A-BBD89E83E1D9" vid_target="5B99AE82-9327-F2B0-F7FB-1BCF58FCC320">
<hideElementsInCurrentOnly>false</hideElementsInCurrentOnly>
<backgroundColor>-16777216</backgroundColor>
<lineWidth>1</lineWidth>
<points>
<point x="881" y="704"/>
<point x="881" y="644"/>
</points>
</Connector>
<Connector class="oracle.dbtools.crest.swingui.relational.TVFKRelation" oid="5828AB62-CABF-797F-C75F-B9D3C4903EA1" otype="FKIndexAssociation" vid_source="E1E222B9-23A7-546C-6664-B2EA8C330BF9" vid_target="AB2FAAEC-EA18-599A-FEDC-0B207B6767A7">
<hideElementsInCurrentOnly>false</hideElementsInCurrentOnly>
<backgroundColor>-16777216</backgroundColor>
<lineWidth>1</lineWidth>
<points>
<point x="1161" y="1213"/>
<point x="1161" y="1147"/>
</points>
</Connector>
<Connector class="oracle.dbtools.crest.swingui.relational.TVFKRelation" oid="64E26EF3-22CC-C8A6-FEBD-77D9F03CE4C8" otype="FKIndexAssociation" vid_source="2DD4F950-3CBF-0FE0-402F-7C83BA3CDAD6" vid_target="30296F00-EC63-6E0E-283A-BBD89E83E1D9">
<hideElementsInCurrentOnly>false</hideElementsInCurrentOnly>
<backgroundColor>-16777216</backgroundColor>
<lineWidth>1</lineWidth>
<points>
<point x="691" y="769"/>
<point x="796" y="769"/>
</points>
</Connector>
<Connector class="oracle.dbtools.crest.swingui.relational.TVFKRelation" oid="69732A15-40AA-8DED-67DA-1A506CC037FF" otype="FKIndexAssociation" vid_source="AC3929A5-680C-1D58-68CE-BE0EB56CFE68" vid_target="D4C5E848-9E36-07CA-54D4-D86B80411D0C">
<hideElementsInCurrentOnly>false</hideElementsInCurrentOnly>
<backgroundColor>-16777216</backgroundColor>
<lineWidth>1</lineWidth>
<points>
<point x="285" y="875"/>
<point x="1137" y="875"/>
</points>
</Connector>
<Connector class="oracle.dbtools.crest.swingui.relational.TVFKRelation" oid="AF86C3E6-8C1D-D49F-9C73-1145347AE4EE" otype="FKIndexAssociation" vid_source="BD7FF22D-7FE6-FBAF-6C71-056BE3B23077" vid_target="58C48C27-F793-0E8C-DBBB-46EDD71C3729">
<hideElementsInCurrentOnly>false</hideElementsInCurrentOnly>
<backgroundColor>-16777216</backgroundColor>
<lineWidth>1</lineWidth>
<points>
<point x="303" y="528"/>
<point x="417" y="528"/>
</points>
</Connector>
<Connector class="oracle.dbtools.crest.swingui.relational.TVFKRelation" oid="B4E8F470-EF1D-E770-05E4-E24AB0E69503" otype="FKIndexAssociation" vid_source="30296F00-EC63-6E0E-283A-BBD89E83E1D9" vid_target="58C48C27-F793-0E8C-DBBB-46EDD71C3729">
<hideElementsInCurrentOnly>false</hideElementsInCurrentOnly>
<backgroundColor>-16777216</backgroundColor>
<lineWidth>1</lineWidth>
<points>
<point x="796" y="709"/>
<point x="679" y="640"/>
</points>
</Connector>
<Connector class="oracle.dbtools.crest.swingui.relational.TVFKRelation" oid="C6C11F93-F6BD-17DC-1225-F0B60841DC17" otype="FKIndexAssociation" vid_source="ECA27A73-7868-C1A1-08F3-B2D7A92C152E" vid_target="65892D7B-E60D-3D73-9937-81D84A77152A">
<hideElementsInCurrentOnly>false</hideElementsInCurrentOnly>
<backgroundColor>-16777216</backgroundColor>
<lineWidth>1</lineWidth>
<points>
<point x="1034" y="294"/>
<point x="1078" y="294"/>
</points>
</Connector>
<Connector class="oracle.dbtools.crest.swingui.relational.TVFKRelation" oid="CFB78071-5803-6162-A2D8-FF25BDED9C0A" otype="FKIndexAssociation" vid_source="D4C5E848-9E36-07CA-54D4-D86B80411D0C" vid_target="E5BC18BB-A2A9-5961-C293-288EED19E296">
<hideElementsInCurrentOnly>false</hideElementsInCurrentOnly>
<backgroundColor>-16777216</backgroundColor>
<lineWidth>1</lineWidth>
<points>
<point x="1224" y="864"/>
<point x="1224" y="585"/>
</points>
</Connector>
<Connector class="oracle.dbtools.crest.swingui.relational.TVFKRelation" oid="D0406658-9870-BC49-A63A-32A9174860F7" otype="FKIndexAssociation" vid_source="39AC2EE3-F1E5-D1EB-906B-02D311FC04E9" vid_target="ECA27A73-7868-C1A1-08F3-B2D7A92C152E">
<hideElementsInCurrentOnly>false</hideElementsInCurrentOnly>
<backgroundColor>-16777216</backgroundColor>
<lineWidth>1</lineWidth>
<points>
<point x="652" y="307"/>
<point x="766" y="307"/>
</points>
</Connector>
<Connector class="oracle.dbtools.crest.swingui.relational.TVFKRelation" oid="E8E67CD1-C8DD-E42F-0F0B-B7EF26E5D430" otype="FKIndexAssociation" vid_source="BD7FF22D-7FE6-FBAF-6C71-056BE3B23077" vid_target="AC3929A5-680C-1D58-68CE-BE0EB56CFE68">
<hideElementsInCurrentOnly>false</hideElementsInCurrentOnly>
<backgroundColor>-16777216</backgroundColor>
<lineWidth>1</lineWidth>
<points>
<point x="193" y="590"/>
<point x="193" y="775"/>
</points>
</Connector>
<Connector class="oracle.dbtools.crest.swingui.relational.TVFKRelation" oid="EC1B68ED-0A51-CE46-A2DD-A65FA471035E" otype="FKIndexAssociation" vid_source="C98DA0D4-E159-F908-F5AD-99784D326B52" vid_target="39AC2EE3-F1E5-D1EB-906B-02D311FC04E9">
<hideElementsInCurrentOnly>false</hideElementsInCurrentOnly>
<backgroundColor>-16777216</backgroundColor>
<lineWidth>1</lineWidth>
<points>
<point x="343" y="300"/>
<point x="402" y="300"/>
</points>
</Connector>
<Connector class="oracle.dbtools.crest.swingui.relational.TVFKRelation" oid="F747429F-AEBE-388D-F59A-D7F9664664AD" otype="FKIndexAssociation" vid_source="64931272-FF2D-44C8-919B-F994346A8AFF" vid_target="65892D7B-E60D-3D73-9937-81D84A77152A">
<hideElementsInCurrentOnly>false</hideElementsInCurrentOnly>
<backgroundColor>-16777216</backgroundColor>
<lineWidth>1</lineWidth>
<points>
<point x="1380" y="295"/>
<point x="1312" y="295"/>
</points>
</Connector>
<Connector class="oracle.dbtools.crest.swingui.relational.TVFKRelation" oid="FE9507F8-9524-CF5D-789D-AEA0DE232261" otype="FKIndexAssociation" vid_source="AB2FAAEC-EA18-599A-FEDC-0B207B6767A7" vid_target="D4C5E848-9E36-07CA-54D4-D86B80411D0C">
<hideElementsInCurrentOnly>false</hideElementsInCurrentOnly>
<backgroundColor>-16777216</backgroundColor>
<lineWidth>1</lineWidth>
<points>
<point x="1246" y="1036"/>
<point x="1246" y="975"/>
</points>
</Connector>
</connectors>
</Diagram>
