<?xml version = '1.0' encoding = 'UTF-8'?>
<Table class="oracle.dbtools.crest.model.design.relational.Table" directorySegmentName="seg_0" id="20E765C9-3B81-684A-74E2-803799E01148" name="CONTRACT_WASTE">
<createdBy>User</createdBy>
<createdTime>2023-05-02 23:34:35 UTC</createdTime>
<generatorID>174A8961-BD80-F795-6561-10652F618FB8</generatorID>
<ownerDesignName>cui_oraclemodel</ownerDesignName>
<allowColumnReorder>false</allowColumnReorder>
<existDependencyGenerateInDDl>true</existDependencyGenerateInDDl>
<parsed>true</parsed>
<columns itemClass="oracle.dbtools.crest.model.design.relational.Column">
<Column name="waste_type_id" id="5A841A47-8DDC-5917-97DE-CCA072380B9A">
<createdBy>User</createdBy>
<createdTime>2023-05-02 23:34:35 UTC</createdTime>
<commentInRDBMS><![CDATA[Waste type ID]]></commentInRDBMS>
<generatorID>7E9845E1-DC1E-91C3-A33D-F977903E7EBF</generatorID>
<ownerDesignName>cui_oraclemodel</ownerDesignName>
<useDomainConstraints>false</useDomainConstraints>
<use>1</use>
<logicalDatatype>LOGDT025</logicalDatatype>
<dataTypeSize>2</dataTypeSize>
<ownDataTypeParameters>2,,</ownDataTypeParameters>
<previousColumn>false</previousColumn>
<autoIncrementCycle>false</autoIncrementCycle>
<associations>
<colAssociation fkAssociation="0A4BDF1E-A240-123A-DE20-7571C689F597" referredColumn="277A65B4-714B-76E6-52D0-DFECA421BCF6"/>
</associations>
</Column>
<Column name="contwaste_waste_cost_per_kg" id="AED8E5ED-78EB-244A-92D5-FF6E5A192456">
<createdBy>User</createdBy>
<createdTime>2023-05-02 23:34:35 UTC</createdTime>
<commentInRDBMS><![CDATA[Contract waste cost per kilogram]]></commentInRDBMS>
<generatorID>2AC2CD3B-A003-0B8D-D9A2-D74B0BA63F0D</generatorID>
<ownerDesignName>cui_oraclemodel</ownerDesignName>
<useDomainConstraints>false</useDomainConstraints>
<use>1</use>
<logicalDatatype>LOGDT019</logicalDatatype>
<dataTypePrecision>3</dataTypePrecision>
<ownDataTypeParameters>,3,</ownDataTypeParameters>
<autoIncrementCycle>false</autoIncrementCycle>
</Column>
<Column name="contwaste_collection_frequency" id="822602BC-3412-142F-89EE-8FDF307E9164">
<createdBy>User</createdBy>
<createdTime>2023-05-02 23:34:35 UTC</createdTime>
<commentInRDBMS><![CDATA[Contract waste collection frequency]]></commentInRDBMS>
<generatorID>7D878B25-D2F8-E133-F798-D44A7CAE2A25</generatorID>
<ownerDesignName>cui_oraclemodel</ownerDesignName>
<constraintName>chk_collectionfreq</constraintName>
<useDomainConstraints>false</useDomainConstraints>
<use>1</use>
<logicalDatatype>LOGDT025</logicalDatatype>
<dataTypeSize>1</dataTypeSize>
<listOfValues>
<valueDef value="F" description="Fortnightly"/>
<valueDef value="M" description="Monthly"/>
<valueDef value="W" description="Weekly"/>
</listOfValues>
<ownDataTypeParameters>1,,</ownDataTypeParameters>
<autoIncrementCycle>false</autoIncrementCycle>
</Column>
<Column name="cont_num" id="6AA7C7EF-F19F-DEA8-690A-33F4F429A02E">
<createdBy>jingweiong</createdBy>
<createdTime>2023-05-03 05:33:38 UTC</createdTime>
<commentInRDBMS><![CDATA[Contract number]]></commentInRDBMS>
<generatorID>AEAF0F59-B0F1-868F-A5EF-312906B2881E</generatorID>
<ownerDesignName>cui_oraclemodel</ownerDesignName>
<useDomainConstraints>false</useDomainConstraints>
<use>1</use>
<logicalDatatype>LOGDT019</logicalDatatype>
<dataTypePrecision>3</dataTypePrecision>
<ownDataTypeParameters>,,</ownDataTypeParameters>
<previousColumn>false</previousColumn>
<autoIncrementCycle>false</autoIncrementCycle>
<associations>
<colAssociation fkAssociation="E8E67CD1-C8DD-E42F-0F0B-B7EF26E5D430" referredColumn="77497F06-37F5-08F5-A994-454A6EC5B6A2"/>
</associations>
</Column>
</columns>
<indexes itemClass="oracle.dbtools.crest.model.design.relational.Index">
<ind_PK_UK id="AFA78ED7-71DD-EBDA-1813-20191E8C2E39" name="CONTRACT_WASTE_PK">
<createdBy>User</createdBy>
<createdTime>2023-05-02 23:34:35 UTC</createdTime>
<generatorID>4C4CAAE8-562A-6D72-703D-FD509CB18F8D</generatorID>
<ownerDesignName>cui_oraclemodel</ownerDesignName>
<pk>true</pk>
<indexState>Primary Constraint</indexState>
<isSurrogateKey>false</isSurrogateKey>
<indexColumnUsage>
<colUsage columnID="5A841A47-8DDC-5917-97DE-CCA072380B9A"/>
</indexColumnUsage>
</ind_PK_UK>
<ind_PK_UK id="9308661D-2F8D-EB57-3116-D67895B0EDFC" name="waste_contwaste">
<createdBy>User</createdBy>
<createdTime>2023-05-02 23:34:35 UTC</createdTime>
<generatorID>E29A7BA3-3BB6-F5BE-FE82-86536A2B718D</generatorID>
<ownerDesignName>cui_oraclemodel</ownerDesignName>
<indexState>Foreign Key</indexState>
<isSurrogateKey>false</isSurrogateKey>
<indexColumnUsage>
<colUsage columnID="5A841A47-8DDC-5917-97DE-CCA072380B9A"/>
</indexColumnUsage>
</ind_PK_UK>
<ind_PK_UK id="5D13463B-3368-D8F4-F926-B2E5BB34934A" name="contract_contwaste">
<createdBy>jingweiong</createdBy>
<createdTime>2023-05-03 05:33:38 UTC</createdTime>
<generatorID>A98982F6-EB07-A8A4-BC01-6982241A1556</generatorID>
<ownerDesignName>cui_oraclemodel</ownerDesignName>
<indexState>Foreign Key</indexState>
<isSurrogateKey>false</isSurrogateKey>
<indexColumnUsage>
<colUsage columnID="6AA7C7EF-F19F-DEA8-690A-33F4F429A02E"/>
</indexColumnUsage>
</ind_PK_UK>
</indexes>
</Table>
