<?xml version = '1.0' encoding = 'UTF-8'?>
<Table class="oracle.dbtools.crest.model.design.relational.Table" directorySegmentName="seg_0" id="2506D77E-49BC-AFE3-A4F0-6BD1F5A20998" name="PROPERTY_OWNER">
<createdBy>User</createdBy>
<createdTime>2023-05-02 23:34:35 UTC</createdTime>
<generatorID>3763F627-BA00-FA71-DD40-758728D1CA20</generatorID>
<ownerDesignName>cui_oraclemodel</ownerDesignName>
<allowColumnReorder>false</allowColumnReorder>
<existDependencyGenerateInDDl>true</existDependencyGenerateInDDl>
<parsed>true</parsed>
<columns itemClass="oracle.dbtools.crest.model.design.relational.Column">
<Column name="prop_no" id="FD122807-2722-7CDD-3464-3DE837C63C86">
<createdBy>User</createdBy>
<createdTime>2023-05-02 23:34:35 UTC</createdTime>
<commentInRDBMS><![CDATA[Property number (surrogate PK)]]></commentInRDBMS>
<generatorID>A94A8041-760C-F9D6-F7F6-8CC9FF1EF456</generatorID>
<ownerDesignName>cui_oraclemodel</ownerDesignName>
<useDomainConstraints>false</useDomainConstraints>
<use>1</use>
<logicalDatatype>LOGDT019</logicalDatatype>
<dataTypePrecision>4</dataTypePrecision>
<ownDataTypeParameters>,,</ownDataTypeParameters>
<previousColumn>false</previousColumn>
<autoIncrementCycle>false</autoIncrementCycle>
<associations>
<colAssociation fkAssociation="C6C11F93-F6BD-17DC-1225-F0B60841DC17" referredColumn="4201F169-E0BF-929C-059B-5D26DF58EC6E"/>
</associations>
</Column>
<Column name="own_id" id="B75B388B-E563-A474-C8BD-35F52D3E2C50">
<createdBy>User</createdBy>
<createdTime>2023-05-02 23:34:35 UTC</createdTime>
<commentInRDBMS><![CDATA[Owner ID]]></commentInRDBMS>
<generatorID>F6FC2181-E789-E2E1-86F8-433E775167CE</generatorID>
<ownerDesignName>cui_oraclemodel</ownerDesignName>
<useDomainConstraints>false</useDomainConstraints>
<use>1</use>
<logicalDatatype>LOGDT019</logicalDatatype>
<dataTypePrecision>7</dataTypePrecision>
<ownDataTypeParameters>,,</ownDataTypeParameters>
<previousColumn>false</previousColumn>
<autoIncrementCycle>false</autoIncrementCycle>
<associations>
<colAssociation fkAssociation="F747429F-AEBE-388D-F59A-D7F9664664AD" referredColumn="874E16BD-61EF-9B4B-D338-C3007C54E668"/>
</associations>
</Column>
</columns>
<indexes itemClass="oracle.dbtools.crest.model.design.relational.Index">
<ind_PK_UK id="AE79E60C-8485-FAF7-7E72-4221BEAFF60F" name="PROPERTY_OWNER_PK">
<createdBy>User</createdBy>
<createdTime>2023-05-02 23:34:35 UTC</createdTime>
<generatorID>AB56EFBE-0924-8826-94B2-585885422015</generatorID>
<ownerDesignName>cui_oraclemodel</ownerDesignName>
<pk>true</pk>
<indexState>Primary Constraint</indexState>
<isSurrogateKey>false</isSurrogateKey>
<indexColumnUsage>
<colUsage columnID="FD122807-2722-7CDD-3464-3DE837C63C86"/>
<colUsage columnID="B75B388B-E563-A474-C8BD-35F52D3E2C50"/>
</indexColumnUsage>
</ind_PK_UK>
<ind_PK_UK id="1421B7AC-492C-00F1-4998-F4AEA6916304" name="owner_propown_fk">
<createdBy>User</createdBy>
<createdTime>2023-05-02 23:34:35 UTC</createdTime>
<generatorID>2527A6CF-FC75-2B1E-4BCA-A40AABECD69A</generatorID>
<ownerDesignName>cui_oraclemodel</ownerDesignName>
<indexState>Foreign Key</indexState>
<isSurrogateKey>false</isSurrogateKey>
<indexColumnUsage>
<colUsage columnID="B75B388B-E563-A474-C8BD-35F52D3E2C50"/>
</indexColumnUsage>
</ind_PK_UK>
<ind_PK_UK id="A2E653BC-B6A8-5AD1-7F7E-A0CD9E544EAC" name="prop_propown_fk">
<createdBy>User</createdBy>
<createdTime>2023-05-02 23:34:35 UTC</createdTime>
<generatorID>57767C5D-685D-DF45-2776-C070E9EB6197</generatorID>
<ownerDesignName>cui_oraclemodel</ownerDesignName>
<indexState>Foreign Key</indexState>
<isSurrogateKey>false</isSurrogateKey>
<indexColumnUsage>
<colUsage columnID="FD122807-2722-7CDD-3464-3DE837C63C86"/>
</indexColumnUsage>
</ind_PK_UK>
</indexes>
</Table>
