<?xml version = '1.0' encoding = 'UTF-8'?>
<Table class="oracle.dbtools.crest.model.design.relational.Table" directorySegmentName="seg_0" id="3F2BE973-498F-5742-06F0-E3F26A38ED08" name="COLLECTION">
<createdBy>User</createdBy>
<createdTime>2023-05-02 23:34:35 UTC</createdTime>
<generatorID>A6F375A8-2B97-EA98-68AC-1BE2055A228F</generatorID>
<ownerDesignName>cui_oraclemodel</ownerDesignName>
<allowColumnReorder>false</allowColumnReorder>
<existDependencyGenerateInDDl>true</existDependencyGenerateInDDl>
<parsed>true</parsed>
<columns itemClass="oracle.dbtools.crest.model.design.relational.Column">
<Column name="collection_date" id="B8BFA51D-947C-FAA8-9742-DA949001E875">
<createdBy>User</createdBy>
<createdTime>2023-05-02 23:34:35 UTC</createdTime>
<commentInRDBMS><![CDATA[Collection date]]></commentInRDBMS>
<generatorID>0B02FDD0-72F5-0299-9EC9-46BF1E1E86A0</generatorID>
<ownerDesignName>cui_oraclemodel</ownerDesignName>
<useDomainConstraints>false</useDomainConstraints>
<use>1</use>
<logicalDatatype>LOGDT007</logicalDatatype>
<ownDataTypeParameters>,,</ownDataTypeParameters>
<autoIncrementCycle>false</autoIncrementCycle>
</Column>
<Column name="driver_num" id="2A233948-F14E-B759-62E3-1A4E15543B70">
<createdBy>User</createdBy>
<createdTime>2023-05-02 23:34:35 UTC</createdTime>
<commentInRDBMS><![CDATA[Driver number]]></commentInRDBMS>
<generatorID>B653C81D-AB3A-1E14-2F0F-59FBC4EC29A8</generatorID>
<ownerDesignName>cui_oraclemodel</ownerDesignName>
<useDomainConstraints>false</useDomainConstraints>
<use>1</use>
<logicalDatatype>LOGDT019</logicalDatatype>
<dataTypePrecision>2</dataTypePrecision>
<ownDataTypeParameters>,2,</ownDataTypeParameters>
<previousColumn>false</previousColumn>
<autoIncrementCycle>false</autoIncrementCycle>
</Column>
<Column name="driver_num1" id="919BF9A5-E0F0-16FA-A6E5-3DDA5378CD56">
<createdBy>User</createdBy>
<createdTime>2023-05-03 03:47:43 UTC</createdTime>
<commentInRDBMS><![CDATA[Driver number]]></commentInRDBMS>
<generatorID>5228E7B1-9447-1C3E-3280-83BC54FD9FFE</generatorID>
<ownerDesignName>cui_oraclemodel</ownerDesignName>
<useDomainConstraints>false</useDomainConstraints>
<use>1</use>
<logicalDatatype>LOGDT019</logicalDatatype>
<dataTypePrecision>2</dataTypePrecision>
<ownDataTypeParameters>,2,</ownDataTypeParameters>
<previousColumn>false</previousColumn>
<autoIncrementCycle>false</autoIncrementCycle>
</Column>
<Column name="waste_type_id" id="E40692FA-6A7C-7E54-3DA9-38C8B7240F91">
<createdBy>jingweiong</createdBy>
<createdTime>2023-05-03 05:33:38 UTC</createdTime>
<commentInRDBMS><![CDATA[Waste type ID]]></commentInRDBMS>
<generatorID>FA355661-3134-F484-7673-1F6F030F0A9C</generatorID>
<ownerDesignName>cui_oraclemodel</ownerDesignName>
<useDomainConstraints>false</useDomainConstraints>
<use>1</use>
<logicalDatatype>LOGDT025</logicalDatatype>
<dataTypeSize>2</dataTypeSize>
<ownDataTypeParameters>,,</ownDataTypeParameters>
<previousColumn>false</previousColumn>
<autoIncrementCycle>false</autoIncrementCycle>
<associations>
<colAssociation fkAssociation="3598A894-AF70-BD03-6189-31CA7AB8FA5C" referredColumn="5A841A47-8DDC-5917-97DE-CCA072380B9A"/>
</associations>
</Column>
<Column name="cont_num" id="4ACB826A-74DF-F5F3-7EDB-8DB60E9AC50E">
<createdBy>jingweiong</createdBy>
<createdTime>2023-05-03 05:33:38 UTC</createdTime>
<commentInRDBMS><![CDATA[Contract number]]></commentInRDBMS>
<generatorID>130B1F22-5E36-3002-5D83-71D73342E331</generatorID>
<ownerDesignName>cui_oraclemodel</ownerDesignName>
<useDomainConstraints>false</useDomainConstraints>
<use>1</use>
<logicalDatatype>LOGDT019</logicalDatatype>
<ownDataTypeParameters>,,</ownDataTypeParameters>
<previousColumn>false</previousColumn>
<autoIncrementCycle>false</autoIncrementCycle>
</Column>
<Column name="driver_num2" id="07EFC004-4302-2586-AB34-85324470C2B4">
<createdBy>jingweiong</createdBy>
<createdTime>2023-05-03 05:33:38 UTC</createdTime>
<commentInRDBMS><![CDATA[Driver number]]></commentInRDBMS>
<generatorID>19A33694-BAF9-1AA0-261F-577E5859D342</generatorID>
<ownerDesignName>cui_oraclemodel</ownerDesignName>
<useDomainConstraints>false</useDomainConstraints>
<use>1</use>
<logicalDatatype>LOGDT019</logicalDatatype>
<ownDataTypeParameters>,,</ownDataTypeParameters>
<previousColumn>false</previousColumn>
<autoIncrementCycle>false</autoIncrementCycle>
</Column>
<Column name="truck_vin" id="9011EC5A-E4CF-E397-570C-FDF5A12B3553">
<createdBy>jingweiong</createdBy>
<createdTime>2023-05-03 05:33:38 UTC</createdTime>
<commentInRDBMS><![CDATA[Truck Vehicle Identification Number]]></commentInRDBMS>
<generatorID>BB7E7C08-1C64-FAAE-CC94-CFBAE941342B</generatorID>
<ownerDesignName>cui_oraclemodel</ownerDesignName>
<useDomainConstraints>false</useDomainConstraints>
<use>1</use>
<logicalDatatype>LOGDT025</logicalDatatype>
<ownDataTypeParameters>,,</ownDataTypeParameters>
<previousColumn>false</previousColumn>
<autoIncrementCycle>false</autoIncrementCycle>
</Column>
</columns>
<indexes itemClass="oracle.dbtools.crest.model.design.relational.Index">
<ind_PK_UK id="87B6D9E6-D736-F664-8160-13A658F5C474" name="COLLECTION_PK">
<createdBy>User</createdBy>
<createdTime>2023-05-02 23:34:35 UTC</createdTime>
<generatorID>ECF78769-19EA-E1E3-F84F-7A59B6AAF5AB</generatorID>
<ownerDesignName>cui_oraclemodel</ownerDesignName>
<pk>true</pk>
<indexState>Primary Constraint</indexState>
<isSurrogateKey>false</isSurrogateKey>
<indexColumnUsage>
<colUsage columnID="B8BFA51D-947C-FAA8-9742-DA949001E875"/>
</indexColumnUsage>
</ind_PK_UK>
<ind_PK_UK id="600F2FA3-F3AB-AAF1-F685-3D2DF4D6BC90" name="contwaste_collection">
<createdBy>User</createdBy>
<createdTime>2023-05-03 04:00:47 UTC</createdTime>
<ownerDesignName>cui_oraclemodel</ownerDesignName>
<indexState>Foreign Key</indexState>
<isSurrogateKey>false</isSurrogateKey>
</ind_PK_UK>
<ind_PK_UK id="A30591CA-FC19-2035-6EA0-A5D7A9AF7B0E" name="contwaste_collection">
<createdBy>jingweiong</createdBy>
<createdTime>2023-05-03 04:30:25 UTC</createdTime>
<ownerDesignName>cui_oraclemodel</ownerDesignName>
<indexState>Foreign Key</indexState>
<isSurrogateKey>false</isSurrogateKey>
</ind_PK_UK>
<ind_PK_UK id="BE87749E-1DF7-D210-A720-695F619B89C0" name="authtruck_collection">
<createdBy>jingweiong</createdBy>
<createdTime>2023-05-03 05:33:38 UTC</createdTime>
<generatorID>C79D4B92-6526-4F74-CD1F-E590A60D9037</generatorID>
<ownerDesignName>cui_oraclemodel</ownerDesignName>
<indexState>Foreign Key</indexState>
<isSurrogateKey>false</isSurrogateKey>
</ind_PK_UK>
<ind_PK_UK id="E4519006-BA23-FC9A-521B-D02D4AAE0671" name="contwaste_collection">
<createdBy>jingweiong</createdBy>
<createdTime>2023-05-03 05:33:38 UTC</createdTime>
<generatorID>528483A2-F9E7-FC48-1653-0DCB3E97C0EE</generatorID>
<ownerDesignName>cui_oraclemodel</ownerDesignName>
<indexState>Foreign Key</indexState>
<isSurrogateKey>false</isSurrogateKey>
<indexColumnUsage>
<colUsage columnID="E40692FA-6A7C-7E54-3DA9-38C8B7240F91"/>
</indexColumnUsage>
</ind_PK_UK>
</indexes>
</Table>
