<?xml version = '1.0' encoding = 'UTF-8'?>
<Table class="oracle.dbtools.crest.model.design.relational.Table" directorySegmentName="seg_0" id="47275AC6-A1F8-23E4-E3BE-B515595052C5" name="AUTHORISED_TRUCK">
<createdBy>User</createdBy>
<createdTime>2023-05-02 23:34:35 UTC</createdTime>
<generatorID>4F800D74-413B-A048-D01F-BF15CA7B5162</generatorID>
<ownerDesignName>cui_oraclemodel</ownerDesignName>
<allowColumnReorder>false</allowColumnReorder>
<existDependencyGenerateInDDl>true</existDependencyGenerateInDDl>
<parsed>true</parsed>
<columns itemClass="oracle.dbtools.crest.model.design.relational.Column">
<Column name="authtruck_date_of_approval" id="B26C8B76-F66A-C3E9-04DC-BA67E08911E7">
<createdBy>User</createdBy>
<createdTime>2023-05-02 23:34:35 UTC</createdTime>
<commentInRDBMS><![CDATA[Authorised truck date of approval]]></commentInRDBMS>
<generatorID>737F3B5C-7210-7C7D-EB71-5FDA475DE90E</generatorID>
<ownerDesignName>cui_oraclemodel</ownerDesignName>
<useDomainConstraints>false</useDomainConstraints>
<use>1</use>
<logicalDatatype>LOGDT007</logicalDatatype>
<ownDataTypeParameters>,,</ownDataTypeParameters>
<autoIncrementCycle>false</autoIncrementCycle>
</Column>
<Column name="driver_num" id="996F1181-4BB3-4DFF-96C0-7A6578EBCBB1">
<createdBy>jingweiong</createdBy>
<createdTime>2023-05-03 05:33:38 UTC</createdTime>
<commentInRDBMS><![CDATA[Driver number]]></commentInRDBMS>
<generatorID>8633F4E3-ED34-B586-E63C-3AEF9068B5B2</generatorID>
<ownerDesignName>cui_oraclemodel</ownerDesignName>
<useDomainConstraints>false</useDomainConstraints>
<use>1</use>
<logicalDatatype>LOGDT019</logicalDatatype>
<dataTypePrecision>2</dataTypePrecision>
<ownDataTypeParameters>,,</ownDataTypeParameters>
<previousColumn>false</previousColumn>
<autoIncrementCycle>false</autoIncrementCycle>
<associations>
<colAssociation fkAssociation="5828AB62-CABF-797F-C75F-B9D3C4903EA1" referredColumn="0A00534F-E214-A918-CBAB-33FCBD737A73"/>
</associations>
</Column>
<Column name="truck_vin" id="D95DEF7A-E640-2DA7-7576-F8400820E029">
<createdBy>jingweiong</createdBy>
<createdTime>2023-05-03 05:33:38 UTC</createdTime>
<commentInRDBMS><![CDATA[Truck Vehicle Identification Number]]></commentInRDBMS>
<generatorID>D1EB0804-6383-7DCA-B883-CBCA1531080A</generatorID>
<ownerDesignName>cui_oraclemodel</ownerDesignName>
<useDomainConstraints>false</useDomainConstraints>
<use>1</use>
<logicalDatatype>LOGDT025</logicalDatatype>
<dataTypeSize>17</dataTypeSize>
<ownDataTypeParameters>,,</ownDataTypeParameters>
<previousColumn>false</previousColumn>
<autoIncrementCycle>false</autoIncrementCycle>
<associations>
<colAssociation fkAssociation="08C17BEA-8664-5B0E-96C5-964FC5778AF8" referredColumn="B9F0629C-3751-DFE3-0FB4-A2BD68027AF9"/>
</associations>
</Column>
</columns>
<indexes itemClass="oracle.dbtools.crest.model.design.relational.Index">
<ind_PK_UK id="551CB572-8071-9557-B3BC-B9E2012DD07A" name="AUTHORISED_TRUCK_PK">
<createdBy>User</createdBy>
<createdTime>2023-05-02 23:34:35 UTC</createdTime>
<generatorID>1AB05DAC-8283-B4F3-9B65-F764D49CCF35</generatorID>
<ownerDesignName>cui_oraclemodel</ownerDesignName>
<pk>true</pk>
<indexState>Primary Constraint</indexState>
<isSurrogateKey>false</isSurrogateKey>
</ind_PK_UK>
<ind_PK_UK id="F4783158-0144-8FC9-33D3-F635450D2A71" name="driver_authtruck">
<createdBy>User</createdBy>
<createdTime>2023-05-03 04:00:47 UTC</createdTime>
<ownerDesignName>cui_oraclemodel</ownerDesignName>
<indexState>Foreign Key</indexState>
<isSurrogateKey>false</isSurrogateKey>
</ind_PK_UK>
<ind_PK_UK id="1D53B18B-E660-2646-6B92-A0F400BBD4FC" name="driver_authtruck">
<createdBy>jingweiong</createdBy>
<createdTime>2023-05-03 05:33:38 UTC</createdTime>
<generatorID>DD9BC2E4-EF64-AAB4-0253-3B9CFA6FA35D</generatorID>
<ownerDesignName>cui_oraclemodel</ownerDesignName>
<indexState>Foreign Key</indexState>
<isSurrogateKey>false</isSurrogateKey>
<indexColumnUsage>
<colUsage columnID="996F1181-4BB3-4DFF-96C0-7A6578EBCBB1"/>
</indexColumnUsage>
</ind_PK_UK>
<ind_PK_UK id="17846C3A-F387-9362-76BB-2109926EA51B" name="truck_authtruck">
<createdBy>jingweiong</createdBy>
<createdTime>2023-05-03 05:33:38 UTC</createdTime>
<generatorID>4A30363B-4DC4-BD8D-5D28-79CC705A557E</generatorID>
<ownerDesignName>cui_oraclemodel</ownerDesignName>
<indexState>Foreign Key</indexState>
<isSurrogateKey>false</isSurrogateKey>
<indexColumnUsage>
<colUsage columnID="D95DEF7A-E640-2DA7-7576-F8400820E029"/>
</indexColumnUsage>
</ind_PK_UK>
</indexes>
</Table>
