<?xml version = '1.0' encoding = 'UTF-8'?>
<Table class="oracle.dbtools.crest.model.design.relational.Table" directorySegmentName="seg_0" id="581EF15F-4623-E176-A9C8-E95BF1BCE2BF" name="COLLECTION_BIN">
<createdBy>User</createdBy>
<createdTime>2023-05-02 23:34:35 UTC</createdTime>
<generatorID>7D594E41-3FD8-95CB-3F11-66C47A276B3E</generatorID>
<ownerDesignName>cui_oraclemodel</ownerDesignName>
<allowColumnReorder>false</allowColumnReorder>
<existDependencyGenerateInDDl>true</existDependencyGenerateInDDl>
<parsed>true</parsed>
<columns itemClass="oracle.dbtools.crest.model.design.relational.Column">
<Column name="propbin_RFID_tag" id="38319DAC-0BEB-38AC-5A67-13A6C0FC65E2">
<createdBy>User</createdBy>
<createdTime>2023-05-02 23:34:35 UTC</createdTime>
<commentInRDBMS><![CDATA[Property bin RFID tag]]></commentInRDBMS>
<generatorID>3992EF6C-B5CF-673B-01A4-8F4ACA27A087</generatorID>
<ownerDesignName>cui_oraclemodel</ownerDesignName>
<useDomainConstraints>false</useDomainConstraints>
<use>1</use>
<logicalDatatype>LOGDT025</logicalDatatype>
<dataTypeSize>16</dataTypeSize>
<ownDataTypeParameters>16,,</ownDataTypeParameters>
<previousColumn>false</previousColumn>
<autoIncrementCycle>false</autoIncrementCycle>
<associations>
<colAssociation fkAssociation="2049E475-FE8A-C890-29FA-A9491BF82030" referredColumn="ABC5A35A-C4EE-CC4B-5684-7589C0FAD0E2"/>
</associations>
</Column>
<Column name="colbin_collected_kgs" id="3C5CBE3D-5B3B-7AF6-E3DB-1A0AA68209B0">
<createdBy>User</createdBy>
<createdTime>2023-05-02 23:34:35 UTC</createdTime>
<commentInRDBMS><![CDATA[Collection bin collected kilograms]]></commentInRDBMS>
<generatorID>207684A7-56EE-BB93-5D25-B6E93DFAA3A5</generatorID>
<ownerDesignName>cui_oraclemodel</ownerDesignName>
<useDomainConstraints>false</useDomainConstraints>
<use>1</use>
<logicalDatatype>LOGDT019</logicalDatatype>
<dataTypePrecision>2</dataTypePrecision>
<ownDataTypeParameters>,2,</ownDataTypeParameters>
<autoIncrementCycle>false</autoIncrementCycle>
</Column>
<Column name="colbin_overweight" id="D3A14387-D64D-198D-7583-3E292878773C">
<createdBy>User</createdBy>
<createdTime>2023-05-02 23:34:35 UTC</createdTime>
<commentInRDBMS><![CDATA[Collection bin overweight]]></commentInRDBMS>
<generatorID>ADF6BC0F-948F-3AE0-21CA-CADA84765E08</generatorID>
<ownerDesignName>cui_oraclemodel</ownerDesignName>
<constraintName>chk_overweight</constraintName>
<useDomainConstraints>false</useDomainConstraints>
<use>1</use>
<logicalDatatype>LOGDT025</logicalDatatype>
<dataTypeSize>1</dataTypeSize>
<listOfValues>
<valueDef value="N" description="not overweight"/>
<valueDef value="Y" description="overweight"/>
</listOfValues>
<ownDataTypeParameters>1,,</ownDataTypeParameters>
<autoIncrementCycle>false</autoIncrementCycle>
</Column>
<Column name="collection_date" id="D4B42514-03CB-3321-BC44-89B1C7E0E858">
<createdBy>User</createdBy>
<createdTime>2023-05-03 03:47:43 UTC</createdTime>
<commentInRDBMS><![CDATA[Collection date]]></commentInRDBMS>
<generatorID>75D80A20-2BBD-DAE7-5C8A-07E0CE15C673</generatorID>
<ownerDesignName>cui_oraclemodel</ownerDesignName>
<useDomainConstraints>false</useDomainConstraints>
<use>1</use>
<logicalDatatype>LOGDT007</logicalDatatype>
<ownDataTypeParameters>,,</ownDataTypeParameters>
<previousColumn>false</previousColumn>
<autoIncrementCycle>false</autoIncrementCycle>
<associations>
<colAssociation fkAssociation="CFB78071-5803-6162-A2D8-FF25BDED9C0A" referredColumn="B8BFA51D-947C-FAA8-9742-DA949001E875"/>
</associations>
</Column>
<Column name="cont_num" id="8DD4CF0B-FF64-C9D9-8FE1-56AE10316A69">
<createdBy>jingweiong</createdBy>
<createdTime>2023-05-03 04:42:25 UTC</createdTime>
<commentInRDBMS><![CDATA[Contract number]]></commentInRDBMS>
<generatorID>7B75D315-C558-35D8-D3FF-84874E619076</generatorID>
<ownerDesignName>cui_oraclemodel</ownerDesignName>
<useDomainConstraints>false</useDomainConstraints>
<use>1</use>
<logicalDatatype>LOGDT019</logicalDatatype>
<ownDataTypeParameters>,,</ownDataTypeParameters>
<previousColumn>false</previousColumn>
<autoIncrementCycle>false</autoIncrementCycle>
</Column>
<Column name="waste_type_id" id="330A94E1-FCFC-A41B-3820-36CBE7D33463">
<createdBy>jingweiong</createdBy>
<createdTime>2023-05-03 04:42:25 UTC</createdTime>
<commentInRDBMS><![CDATA[Waste type ID]]></commentInRDBMS>
<generatorID>68AEEA33-356D-1E61-3BAD-BDC790515CAC</generatorID>
<ownerDesignName>cui_oraclemodel</ownerDesignName>
<useDomainConstraints>false</useDomainConstraints>
<use>1</use>
<logicalDatatype>LOGDT025</logicalDatatype>
<ownDataTypeParameters>,,</ownDataTypeParameters>
<previousColumn>false</previousColumn>
<autoIncrementCycle>false</autoIncrementCycle>
</Column>
<Column name="waste_type_id1" id="5D4007CF-5189-512D-803D-B704F588FD3D">
<createdBy>jingweiong</createdBy>
<createdTime>2023-05-03 05:33:38 UTC</createdTime>
<commentInRDBMS><![CDATA[Waste type ID]]></commentInRDBMS>
<generatorID>F8CDFFEF-80B5-6A1C-73C7-2736A8BEF037</generatorID>
<ownerDesignName>cui_oraclemodel</ownerDesignName>
<useDomainConstraints>false</useDomainConstraints>
<use>1</use>
<logicalDatatype>LOGDT025</logicalDatatype>
<ownDataTypeParameters>,,</ownDataTypeParameters>
<previousColumn>false</previousColumn>
<autoIncrementCycle>false</autoIncrementCycle>
</Column>
<Column name="cont_num1" id="5AAF9C6B-AE7C-CF80-4253-9220D3BB74CD">
<createdBy>jingweiong</createdBy>
<createdTime>2023-05-03 05:33:38 UTC</createdTime>
<commentInRDBMS><![CDATA[Contract number]]></commentInRDBMS>
<generatorID>8E4041A8-5B4A-899F-58BF-A561444A27E9</generatorID>
<ownerDesignName>cui_oraclemodel</ownerDesignName>
<useDomainConstraints>false</useDomainConstraints>
<use>1</use>
<logicalDatatype>LOGDT019</logicalDatatype>
<ownDataTypeParameters>,,</ownDataTypeParameters>
<previousColumn>false</previousColumn>
<autoIncrementCycle>false</autoIncrementCycle>
</Column>
</columns>
<indexes itemClass="oracle.dbtools.crest.model.design.relational.Index">
<ind_PK_UK id="114C7B5C-778F-9D07-416F-A1112E48BEBF" name="COLLECTION_BIN_PK">
<createdBy>User</createdBy>
<createdTime>2023-05-02 23:34:35 UTC</createdTime>
<generatorID>88993EE1-C707-0269-E9AE-2F8FBAACE3D1</generatorID>
<ownerDesignName>cui_oraclemodel</ownerDesignName>
<pk>true</pk>
<indexState>Primary Constraint</indexState>
<isSurrogateKey>false</isSurrogateKey>
<indexColumnUsage>
<colUsage columnID="38319DAC-0BEB-38AC-5A67-13A6C0FC65E2"/>
<colUsage columnID="D4B42514-03CB-3321-BC44-89B1C7E0E858"/>
</indexColumnUsage>
</ind_PK_UK>
<ind_PK_UK id="A94301F9-6014-25B0-3F6A-C677316620B5" name="collection_colbin_fk">
<createdBy>User</createdBy>
<createdTime>2023-05-03 04:00:47 UTC</createdTime>
<ownerDesignName>cui_oraclemodel</ownerDesignName>
<indexState>Foreign Key</indexState>
<isSurrogateKey>false</isSurrogateKey>
</ind_PK_UK>
<ind_PK_UK id="1869978A-9564-8514-2C32-40085A74E994" name="propbin_colbin_fk">
<createdBy>User</createdBy>
<createdTime>2023-05-02 23:34:35 UTC</createdTime>
<generatorID>AA63132B-AA8C-7962-B453-39382CDB98B0</generatorID>
<ownerDesignName>cui_oraclemodel</ownerDesignName>
<indexState>Foreign Key</indexState>
<isSurrogateKey>false</isSurrogateKey>
<indexColumnUsage>
<colUsage columnID="38319DAC-0BEB-38AC-5A67-13A6C0FC65E2"/>
</indexColumnUsage>
</ind_PK_UK>
<ind_PK_UK id="BE2E5E23-359B-9CF7-A415-C8B985478DF3" name="collection_colbin_fk">
<createdBy>User</createdBy>
<createdTime>2023-05-03 03:47:43 UTC</createdTime>
<generatorID>1A8AD920-2992-EDEE-B8EA-B345D16D0CAE</generatorID>
<ownerDesignName>cui_oraclemodel</ownerDesignName>
<indexState>Foreign Key</indexState>
<isSurrogateKey>false</isSurrogateKey>
<indexColumnUsage>
<colUsage columnID="D4B42514-03CB-3321-BC44-89B1C7E0E858"/>
</indexColumnUsage>
</ind_PK_UK>
</indexes>
</Table>
