<?xml version = '1.0' encoding = 'UTF-8'?>
<Table class="oracle.dbtools.crest.model.design.relational.Table" directorySegmentName="seg_0" id="5C4E4293-EE5A-9A14-50D4-2717E2A5F639" name="PROPERTY_BIN">
<createdBy>User</createdBy>
<createdTime>2023-05-02 23:34:35 UTC</createdTime>
<generatorID>E8531390-8682-B23C-98C0-72CA6B08632B</generatorID>
<ownerDesignName>cui_oraclemodel</ownerDesignName>
<allowColumnReorder>false</allowColumnReorder>
<existDependencyGenerateInDDl>true</existDependencyGenerateInDDl>
<parsed>true</parsed>
<columns itemClass="oracle.dbtools.crest.model.design.relational.Column">
<Column name="propbin_RFID_tag" id="ABC5A35A-C4EE-CC4B-5684-7589C0FAD0E2">
<createdBy>User</createdBy>
<createdTime>2023-05-02 23:34:35 UTC</createdTime>
<commentInRDBMS><![CDATA[Property bin RFID tag]]></commentInRDBMS>
<generatorID>AF5EBE7F-D164-F068-4E4F-5C597A2B8A5A</generatorID>
<ownerDesignName>cui_oraclemodel</ownerDesignName>
<useDomainConstraints>false</useDomainConstraints>
<use>1</use>
<logicalDatatype>LOGDT025</logicalDatatype>
<dataTypeSize>16</dataTypeSize>
<ownDataTypeParameters>16,,</ownDataTypeParameters>
<autoIncrementCycle>false</autoIncrementCycle>
</Column>
<Column name="propbin_supply_date" id="3FD0B253-F850-4C7F-D6FB-32127D071E85">
<createdBy>User</createdBy>
<createdTime>2023-05-02 23:34:35 UTC</createdTime>
<commentInRDBMS><![CDATA[Property bin supply date]]></commentInRDBMS>
<generatorID>E18E5A11-7330-850D-E282-0AA489ED7D1E</generatorID>
<ownerDesignName>cui_oraclemodel</ownerDesignName>
<useDomainConstraints>false</useDomainConstraints>
<use>1</use>
<logicalDatatype>LOGDT007</logicalDatatype>
<ownDataTypeParameters>,,</ownDataTypeParameters>
<autoIncrementCycle>false</autoIncrementCycle>
</Column>
<Column name="propbin_reason_for_replacement" id="152138C5-67EB-6CBE-68DD-2058135F304F">
<createdBy>User</createdBy>
<createdTime>2023-05-02 23:34:35 UTC</createdTime>
<commentInRDBMS><![CDATA[Property bin reason for replacement]]></commentInRDBMS>
<generatorID>FB73B6B1-0D31-E78B-4927-28038EF062B0</generatorID>
<ownerDesignName>cui_oraclemodel</ownerDesignName>
<constraintName>chk_replacementreason</constraintName>
<nullsAllowed>true</nullsAllowed>
<useDomainConstraints>false</useDomainConstraints>
<use>1</use>
<logicalDatatype>LOGDT025</logicalDatatype>
<dataTypeSize>2</dataTypeSize>
<listOfValues>
<valueDef value="BF" description="Bin Failure"/>
<valueDef value="DO" description="Damaged by owner"/>
<valueDef value="DP" description="Damaged during pickup of waste"/>
<valueDef value="ST" description="Stolen"/>
</listOfValues>
<ownDataTypeParameters>2,,</ownDataTypeParameters>
<autoIncrementCycle>false</autoIncrementCycle>
</Column>
<Column name="bin_size" id="440181A5-9198-00FF-5A1F-E8FCD03B3E3B">
<createdBy>User</createdBy>
<createdTime>2023-05-02 23:34:35 UTC</createdTime>
<commentInRDBMS><![CDATA[Bin size]]></commentInRDBMS>
<generatorID>1141F2BD-D93C-B65E-C744-41D277734052</generatorID>
<ownerDesignName>cui_oraclemodel</ownerDesignName>
<useDomainConstraints>false</useDomainConstraints>
<use>1</use>
<logicalDatatype>LOGDT019</logicalDatatype>
<dataTypePrecision>3</dataTypePrecision>
<ownDataTypeParameters>,,</ownDataTypeParameters>
<previousColumn>false</previousColumn>
<autoIncrementCycle>false</autoIncrementCycle>
<associations>
<colAssociation fkAssociation="41D19CE9-9762-B501-1F13-47759EE99489" referredColumn="916EB4A6-54B4-EABE-C048-F533AEF11D41"/>
</associations>
</Column>
<Column name="waste_type_id" id="680B0940-9061-60A1-92E6-CCD083A3EDF3">
<createdBy>User</createdBy>
<createdTime>2023-05-02 23:34:35 UTC</createdTime>
<commentInRDBMS><![CDATA[Waste type ID]]></commentInRDBMS>
<generatorID>C9E28B41-BD6F-258D-747A-3C7C669EC702</generatorID>
<ownerDesignName>cui_oraclemodel</ownerDesignName>
<useDomainConstraints>false</useDomainConstraints>
<use>1</use>
<logicalDatatype>LOGDT025</logicalDatatype>
<dataTypeSize>2</dataTypeSize>
<ownDataTypeParameters>,,</ownDataTypeParameters>
<previousColumn>false</previousColumn>
<autoIncrementCycle>false</autoIncrementCycle>
<associations>
<colAssociation fkAssociation="41D19CE9-9762-B501-1F13-47759EE99489" referredColumn="B23669A4-D9B5-AA0D-CC31-1122D93A5E93"/>
</associations>
</Column>
<Column name="prop_no" id="8E796D94-1229-1172-E5E0-17558C113DB9">
<createdBy>User</createdBy>
<createdTime>2023-05-02 23:34:35 UTC</createdTime>
<commentInRDBMS><![CDATA[Property number (surrogate PK)]]></commentInRDBMS>
<generatorID>380CBF98-86ED-416A-C583-40397C6963D7</generatorID>
<ownerDesignName>cui_oraclemodel</ownerDesignName>
<useDomainConstraints>false</useDomainConstraints>
<use>1</use>
<logicalDatatype>LOGDT019</logicalDatatype>
<dataTypePrecision>4</dataTypePrecision>
<ownDataTypeParameters>,,</ownDataTypeParameters>
<previousColumn>false</previousColumn>
<autoIncrementCycle>false</autoIncrementCycle>
<associations>
<colAssociation fkAssociation="16833B9D-3394-8469-7BC5-9592E7FF2BF5" referredColumn="4201F169-E0BF-929C-059B-5D26DF58EC6E"/>
</associations>
</Column>
<Column name="propbin_bin_charge" id="F97C27F6-D265-48EF-E75D-B8A0E5CF6F07">
<createdBy>User</createdBy>
<createdTime>2023-05-02 23:34:35 UTC</createdTime>
<commentInRDBMS><![CDATA[Property bin bin charge ]]></commentInRDBMS>
<generatorID>EC1E66D7-7269-A90E-764A-E27FAB2EBEEC</generatorID>
<ownerDesignName>cui_oraclemodel</ownerDesignName>
<nullsAllowed>true</nullsAllowed>
<useDomainConstraints>false</useDomainConstraints>
<use>1</use>
<logicalDatatype>LOGDT019</logicalDatatype>
<dataTypePrecision>3</dataTypePrecision>
<ownDataTypeParameters>,3,</ownDataTypeParameters>
<autoIncrementCycle>false</autoIncrementCycle>
</Column>
</columns>
<indexes itemClass="oracle.dbtools.crest.model.design.relational.Index">
<ind_PK_UK id="4050A45D-D08A-8EF7-E961-366D9C83E089" name="PROPERTY_BIN_PK">
<createdBy>User</createdBy>
<createdTime>2023-05-02 23:34:35 UTC</createdTime>
<generatorID>DB6B33DE-23B4-7AF8-4EBD-89636AFE2F7C</generatorID>
<ownerDesignName>cui_oraclemodel</ownerDesignName>
<pk>true</pk>
<indexState>Primary Constraint</indexState>
<isSurrogateKey>false</isSurrogateKey>
<indexColumnUsage>
<colUsage columnID="ABC5A35A-C4EE-CC4B-5684-7589C0FAD0E2"/>
</indexColumnUsage>
</ind_PK_UK>
<ind_PK_UK id="B55B5AAD-143F-26FB-13ED-624999B16658" name="bintype_propbin_fk">
<createdBy>User</createdBy>
<createdTime>2023-05-02 23:34:35 UTC</createdTime>
<generatorID>9C563F54-76AA-902A-6139-931CF71ABC27</generatorID>
<ownerDesignName>cui_oraclemodel</ownerDesignName>
<indexState>Foreign Key</indexState>
<isSurrogateKey>false</isSurrogateKey>
<indexColumnUsage>
<colUsage columnID="440181A5-9198-00FF-5A1F-E8FCD03B3E3B"/>
<colUsage columnID="680B0940-9061-60A1-92E6-CCD083A3EDF3"/>
</indexColumnUsage>
</ind_PK_UK>
<ind_PK_UK id="0DB78739-9FED-4030-4C8D-8AD07F812683" name="property_propbin_fk">
<createdBy>User</createdBy>
<createdTime>2023-05-02 23:34:35 UTC</createdTime>
<generatorID>62D4D0FC-4DA7-E92E-FC1D-58801119001E</generatorID>
<ownerDesignName>cui_oraclemodel</ownerDesignName>
<indexState>Foreign Key</indexState>
<isSurrogateKey>false</isSurrogateKey>
<indexColumnUsage>
<colUsage columnID="8E796D94-1229-1172-E5E0-17558C113DB9"/>
</indexColumnUsage>
</ind_PK_UK>
</indexes>
</Table>
