<?xml version = '1.0' encoding = 'UTF-8'?>
<Table class="oracle.dbtools.crest.model.design.relational.Table" directorySegmentName="seg_0" id="87BBE41C-BDEB-9A5C-9B9D-F4E78E8CA597" name="PROPERTY">
<createdBy>User</createdBy>
<createdTime>2023-05-02 23:34:35 UTC</createdTime>
<generatorID>6D741588-C2B5-ED3E-5C62-F87BD9CD3735</generatorID>
<ownerDesignName>cui_oraclemodel</ownerDesignName>
<allowColumnReorder>false</allowColumnReorder>
<existDependencyGenerateInDDl>true</existDependencyGenerateInDDl>
<parsed>true</parsed>
<columns itemClass="oracle.dbtools.crest.model.design.relational.Column">
<Column name="prop_no" id="4201F169-E0BF-929C-059B-5D26DF58EC6E">
<createdBy>User</createdBy>
<createdTime>2023-05-02 23:34:35 UTC</createdTime>
<commentInRDBMS><![CDATA[Property number (surrogate PK)]]></commentInRDBMS>
<generatorID>CF688CF8-BC6D-8A43-6747-4C7EC337519E</generatorID>
<ownerDesignName>cui_oraclemodel</ownerDesignName>
<useDomainConstraints>false</useDomainConstraints>
<use>1</use>
<logicalDatatype>LOGDT019</logicalDatatype>
<dataTypePrecision>4</dataTypePrecision>
<ownDataTypeParameters>,4,</ownDataTypeParameters>
<autoIncrementCycle>false</autoIncrementCycle>
</Column>
<Column name="street_num" id="BE9DC164-C52A-F4B1-C1FD-F671FD14F803">
<createdBy>User</createdBy>
<createdTime>2023-05-02 23:34:35 UTC</createdTime>
<commentInRDBMS><![CDATA[Property street number]]></commentInRDBMS>
<generatorID>73AD6660-CBE9-4758-D19B-2677F5F21012</generatorID>
<ownerDesignName>cui_oraclemodel</ownerDesignName>
<useDomainConstraints>false</useDomainConstraints>
<use>1</use>
<logicalDatatype>LOGDT019</logicalDatatype>
<dataTypePrecision>3</dataTypePrecision>
<ownDataTypeParameters>,3,</ownDataTypeParameters>
<autoIncrementCycle>false</autoIncrementCycle>
</Column>
<Column name="street_id" id="7A742067-56BB-4509-844A-C911D42245C1">
<createdBy>User</createdBy>
<createdTime>2023-05-02 23:34:35 UTC</createdTime>
<commentInRDBMS><![CDATA[Street ID]]></commentInRDBMS>
<generatorID>02608CAF-081F-B9EA-CE14-B5701B1168D2</generatorID>
<ownerDesignName>cui_oraclemodel</ownerDesignName>
<useDomainConstraints>false</useDomainConstraints>
<use>1</use>
<logicalDatatype>LOGDT019</logicalDatatype>
<dataTypePrecision>7</dataTypePrecision>
<ownDataTypeParameters>,,</ownDataTypeParameters>
<previousColumn>false</previousColumn>
<autoIncrementCycle>false</autoIncrementCycle>
<associations>
<colAssociation fkAssociation="D0406658-9870-BC49-A63A-32A9174860F7" referredColumn="D272E45F-0021-4631-DA73-467FD68CC19A"/>
</associations>
</Column>
<Column name="auth_name" id="B89A0026-C4B4-61DF-8121-E6A70021FB0D">
<createdBy>User</createdBy>
<createdTime>2023-05-02 23:34:35 UTC</createdTime>
<commentInRDBMS><![CDATA[Local authority name]]></commentInRDBMS>
<generatorID>E95F399D-0BEC-A15D-E816-4AE958C78319</generatorID>
<ownerDesignName>cui_oraclemodel</ownerDesignName>
<useDomainConstraints>false</useDomainConstraints>
<use>1</use>
<logicalDatatype>LOGDT024</logicalDatatype>
<dataTypeSize>50</dataTypeSize>
<ownDataTypeParameters>,,</ownDataTypeParameters>
<previousColumn>false</previousColumn>
<autoIncrementCycle>false</autoIncrementCycle>
<associations>
<colAssociation fkAssociation="D0406658-9870-BC49-A63A-32A9174860F7" referredColumn="876E8989-6214-0ACD-B02B-7131505101AC"/>
</associations>
</Column>
</columns>
<indexes itemClass="oracle.dbtools.crest.model.design.relational.Index">
<ind_PK_UK id="E9BA679F-660A-87BB-55AC-73730E258B2D" name="PROPERTY_PK">
<createdBy>User</createdBy>
<createdTime>2023-05-02 23:34:35 UTC</createdTime>
<generatorID>22D1624D-EEDC-0CC5-FD50-E33076E065F5</generatorID>
<ownerDesignName>cui_oraclemodel</ownerDesignName>
<pk>true</pk>
<indexState>Primary Constraint</indexState>
<isSurrogateKey>false</isSurrogateKey>
<indexColumnUsage>
<colUsage columnID="4201F169-E0BF-929C-059B-5D26DF58EC6E"/>
</indexColumnUsage>
</ind_PK_UK>
<ind_PK_UK id="31FB0C37-6982-5253-6D15-8A606280972C" name="PROPERTY_NK">
<createdBy>User</createdBy>
<createdTime>2023-05-02 23:34:35 UTC</createdTime>
<generatorID>D4DD74DE-7F10-CEF6-C714-5954A1C5A860</generatorID>
<ownerDesignName>cui_oraclemodel</ownerDesignName>
<indexState>Unique Constraint</indexState>
<isSurrogateKey>false</isSurrogateKey>
<indexColumnUsage>
<colUsage columnID="7A742067-56BB-4509-844A-C911D42245C1"/>
<colUsage columnID="B89A0026-C4B4-61DF-8121-E6A70021FB0D"/>
<colUsage columnID="BE9DC164-C52A-F4B1-C1FD-F671FD14F803"/>
</indexColumnUsage>
</ind_PK_UK>
<ind_PK_UK id="B62C733B-2D73-E13F-D818-79896AF7B5ED" name="street_property">
<createdBy>User</createdBy>
<createdTime>2023-05-02 23:34:35 UTC</createdTime>
<generatorID>EAECF21C-27A0-65B1-A9B4-DE842E8B7E74</generatorID>
<ownerDesignName>cui_oraclemodel</ownerDesignName>
<indexState>Foreign Key</indexState>
<isSurrogateKey>false</isSurrogateKey>
<indexColumnUsage>
<colUsage columnID="7A742067-56BB-4509-844A-C911D42245C1"/>
<colUsage columnID="B89A0026-C4B4-61DF-8121-E6A70021FB0D"/>
</indexColumnUsage>
</ind_PK_UK>
</indexes>
</Table>
