<?xml version = '1.0' encoding = 'UTF-8'?>
<Table class="oracle.dbtools.crest.model.design.relational.Table" directorySegmentName="seg_0" id="9497EDF4-7B7B-B5CE-9785-5135CDC27C5B" name="STREET">
<createdBy>User</createdBy>
<createdTime>2023-05-02 23:34:35 UTC</createdTime>
<generatorID>9C7F1897-C311-9221-2C7D-63C8919F1089</generatorID>
<ownerDesignName>cui_oraclemodel</ownerDesignName>
<allowColumnReorder>false</allowColumnReorder>
<existDependencyGenerateInDDl>true</existDependencyGenerateInDDl>
<parsed>true</parsed>
<columns itemClass="oracle.dbtools.crest.model.design.relational.Column">
<Column name="street_id" id="D272E45F-0021-4631-DA73-467FD68CC19A">
<createdBy>User</createdBy>
<createdTime>2023-05-02 23:34:35 UTC</createdTime>
<commentInRDBMS><![CDATA[Street ID]]></commentInRDBMS>
<generatorID>600C6649-B0F4-6FF8-6334-13F8615E75A4</generatorID>
<ownerDesignName>cui_oraclemodel</ownerDesignName>
<useDomainConstraints>false</useDomainConstraints>
<use>1</use>
<logicalDatatype>LOGDT019</logicalDatatype>
<dataTypePrecision>7</dataTypePrecision>
<ownDataTypeParameters>,7,</ownDataTypeParameters>
<autoIncrementCycle>false</autoIncrementCycle>
</Column>
<Column name="auth_name" id="876E8989-6214-0ACD-B02B-7131505101AC">
<createdBy>User</createdBy>
<createdTime>2023-05-02 23:34:35 UTC</createdTime>
<commentInRDBMS><![CDATA[Local authority name]]></commentInRDBMS>
<generatorID>694AE994-9126-291F-2C46-82363CAAD936</generatorID>
<ownerDesignName>cui_oraclemodel</ownerDesignName>
<useDomainConstraints>false</useDomainConstraints>
<use>1</use>
<logicalDatatype>LOGDT024</logicalDatatype>
<dataTypeSize>50</dataTypeSize>
<ownDataTypeParameters>,,</ownDataTypeParameters>
<previousColumn>false</previousColumn>
<autoIncrementCycle>false</autoIncrementCycle>
<associations>
<colAssociation fkAssociation="EC1B68ED-0A51-CE46-A2DD-A65FA471035E" referredColumn="20ACF4A8-6F43-B300-ED2D-CC0A88C11208"/>
</associations>
</Column>
<Column name="street_name" id="2D4138E4-64C8-354B-9C2D-AA91B8C29134">
<createdBy>User</createdBy>
<createdTime>2023-05-02 23:34:35 UTC</createdTime>
<commentInRDBMS><![CDATA[Street name]]></commentInRDBMS>
<generatorID>031B10CC-2626-6AED-C5E5-3038E2826DA4</generatorID>
<ownerDesignName>cui_oraclemodel</ownerDesignName>
<useDomainConstraints>false</useDomainConstraints>
<use>1</use>
<logicalDatatype>LOGDT024</logicalDatatype>
<dataTypeSize>50</dataTypeSize>
<ownDataTypeParameters>50,,</ownDataTypeParameters>
<autoIncrementCycle>false</autoIncrementCycle>
</Column>
<Column name="street_length_in_m" id="78C86B60-3891-40C0-6132-439EE52AE44B">
<createdBy>User</createdBy>
<createdTime>2023-05-02 23:34:35 UTC</createdTime>
<commentInRDBMS><![CDATA[Street length in metre]]></commentInRDBMS>
<generatorID>5F3138DA-8647-523D-33DC-F3B7E58EAF2F</generatorID>
<ownerDesignName>cui_oraclemodel</ownerDesignName>
<useDomainConstraints>false</useDomainConstraints>
<use>1</use>
<logicalDatatype>LOGDT019</logicalDatatype>
<dataTypePrecision>5</dataTypePrecision>
<dataTypeScale>2</dataTypeScale>
<ownDataTypeParameters>,5,2</ownDataTypeParameters>
<autoIncrementCycle>false</autoIncrementCycle>
</Column>
<Column name="street_road_surface_type" id="A7A7E381-267C-BE5B-FBD2-DCCBAC63A9A7">
<createdBy>User</createdBy>
<createdTime>2023-05-02 23:34:35 UTC</createdTime>
<commentInRDBMS><![CDATA[Street road surface type ]]></commentInRDBMS>
<generatorID>7A28D324-F269-EFC1-0BCB-8AA7889138D7</generatorID>
<ownerDesignName>cui_oraclemodel</ownerDesignName>
<constraintName>chk_roadsurfacetype</constraintName>
<useDomainConstraints>false</useDomainConstraints>
<use>1</use>
<logicalDatatype>LOGDT025</logicalDatatype>
<dataTypeSize>1</dataTypeSize>
<listOfValues>
<valueDef value="A" description="Asphalt"/>
<valueDef value="C" description="Concrete"/>
<valueDef value="U" description="Unsealed"/>
</listOfValues>
<ownDataTypeParameters>1,,</ownDataTypeParameters>
<autoIncrementCycle>false</autoIncrementCycle>
</Column>
<Column name="street_num_of_lanes" id="E02B6BCB-70D8-0AEE-A511-61ADE347D3AB">
<createdBy>User</createdBy>
<createdTime>2023-05-02 23:34:35 UTC</createdTime>
<commentInRDBMS><![CDATA[Street number of lanes]]></commentInRDBMS>
<generatorID>83312C32-AD17-8C14-4060-5FF0C4C10568</generatorID>
<ownerDesignName>cui_oraclemodel</ownerDesignName>
<useDomainConstraints>false</useDomainConstraints>
<use>1</use>
<logicalDatatype>LOGDT019</logicalDatatype>
<dataTypePrecision>1</dataTypePrecision>
<ownDataTypeParameters>,1,</ownDataTypeParameters>
<autoIncrementCycle>false</autoIncrementCycle>
</Column>
</columns>
<indexes itemClass="oracle.dbtools.crest.model.design.relational.Index">
<ind_PK_UK id="A4130DF5-A94C-C653-651C-9D7CBF125ED5" name="STREET_PK">
<createdBy>User</createdBy>
<createdTime>2023-05-02 23:34:35 UTC</createdTime>
<generatorID>77691646-562C-0EB3-149C-0F0AAEEA53E9</generatorID>
<ownerDesignName>cui_oraclemodel</ownerDesignName>
<pk>true</pk>
<indexState>Primary Constraint</indexState>
<isSurrogateKey>false</isSurrogateKey>
<indexColumnUsage>
<colUsage columnID="D272E45F-0021-4631-DA73-467FD68CC19A"/>
<colUsage columnID="876E8989-6214-0ACD-B02B-7131505101AC"/>
</indexColumnUsage>
</ind_PK_UK>
<ind_PK_UK id="4220D9FE-FC6B-544D-DD6E-B3772C0ABEB8" name="localauth_street">
<createdBy>User</createdBy>
<createdTime>2023-05-02 23:34:35 UTC</createdTime>
<generatorID>0A986083-F7EA-1168-3895-E0A5D9490C08</generatorID>
<ownerDesignName>cui_oraclemodel</ownerDesignName>
<indexState>Foreign Key</indexState>
<isSurrogateKey>false</isSurrogateKey>
<indexColumnUsage>
<colUsage columnID="876E8989-6214-0ACD-B02B-7131505101AC"/>
</indexColumnUsage>
</ind_PK_UK>
</indexes>
</Table>
