<?xml version = '1.0' encoding = 'UTF-8'?>
<Table class="oracle.dbtools.crest.model.design.relational.Table" directorySegmentName="seg_0" id="D2D66901-A8DF-54E6-A838-79C02E517D53" name="TRUCK">
<createdBy>User</createdBy>
<createdTime>2023-05-02 23:34:35 UTC</createdTime>
<generatorID>684EFC10-B20A-B94D-7C18-44A35B210E1C</generatorID>
<ownerDesignName>cui_oraclemodel</ownerDesignName>
<allowColumnReorder>false</allowColumnReorder>
<existDependencyGenerateInDDl>true</existDependencyGenerateInDDl>
<parsed>true</parsed>
<columns itemClass="oracle.dbtools.crest.model.design.relational.Column">
<Column name="truck_vin" id="B9F0629C-3751-DFE3-0FB4-A2BD68027AF9">
<createdBy>User</createdBy>
<createdTime>2023-05-02 23:34:35 UTC</createdTime>
<commentInRDBMS><![CDATA[Truck Vehicle Identification Number]]></commentInRDBMS>
<generatorID>3AC2F095-9533-FADE-4AC8-8D63B54EFFF3</generatorID>
<ownerDesignName>cui_oraclemodel</ownerDesignName>
<useDomainConstraints>false</useDomainConstraints>
<use>1</use>
<logicalDatatype>LOGDT025</logicalDatatype>
<dataTypeSize>17</dataTypeSize>
<ownDataTypeParameters>17,,</ownDataTypeParameters>
<autoIncrementCycle>false</autoIncrementCycle>
</Column>
<Column name="truck_rego_num" id="6436EC5F-E87F-BE55-647D-8248CFA2CC37">
<createdBy>User</createdBy>
<createdTime>2023-05-02 23:34:35 UTC</createdTime>
<commentInRDBMS><![CDATA[Truck rego number]]></commentInRDBMS>
<generatorID>7E80ACE0-C9E5-5125-4551-9169E48D79E9</generatorID>
<ownerDesignName>cui_oraclemodel</ownerDesignName>
<useDomainConstraints>false</useDomainConstraints>
<use>1</use>
<logicalDatatype>LOGDT025</logicalDatatype>
<dataTypeSize>9</dataTypeSize>
<ownDataTypeParameters>9,,</ownDataTypeParameters>
<autoIncrementCycle>false</autoIncrementCycle>
</Column>
<Column name="truck_make" id="1C60CF3C-E967-2A02-2AED-CB6B93C81715">
<createdBy>User</createdBy>
<createdTime>2023-05-02 23:34:35 UTC</createdTime>
<commentInRDBMS><![CDATA[Truck make]]></commentInRDBMS>
<generatorID>AC89BB34-1326-F966-CB6E-220F3EAAE0F3</generatorID>
<ownerDesignName>cui_oraclemodel</ownerDesignName>
<useDomainConstraints>false</useDomainConstraints>
<use>1</use>
<logicalDatatype>LOGDT024</logicalDatatype>
<dataTypeSize>20</dataTypeSize>
<ownDataTypeParameters>20,,</ownDataTypeParameters>
<autoIncrementCycle>false</autoIncrementCycle>
</Column>
<Column name="truck_model" id="B05B6CA1-C365-05B2-E159-E8C694DE3C8C">
<createdBy>User</createdBy>
<createdTime>2023-05-02 23:34:35 UTC</createdTime>
<commentInRDBMS><![CDATA[Truck model]]></commentInRDBMS>
<generatorID>60172C56-B2FD-E03E-3BF3-8340ED93A3E5</generatorID>
<ownerDesignName>cui_oraclemodel</ownerDesignName>
<useDomainConstraints>false</useDomainConstraints>
<use>1</use>
<logicalDatatype>LOGDT024</logicalDatatype>
<dataTypeSize>20</dataTypeSize>
<ownDataTypeParameters>20,,</ownDataTypeParameters>
<autoIncrementCycle>false</autoIncrementCycle>
</Column>
<Column name="truck_year" id="05A1CEE9-AA1F-FE38-C26D-67C3C0CA7A08">
<createdBy>User</createdBy>
<createdTime>2023-05-02 23:34:35 UTC</createdTime>
<commentInRDBMS><![CDATA[Truck year]]></commentInRDBMS>
<generatorID>C3FC0E0B-68E0-7755-F38C-584BA8E46C16</generatorID>
<ownerDesignName>cui_oraclemodel</ownerDesignName>
<useDomainConstraints>false</useDomainConstraints>
<use>1</use>
<logicalDatatype>LOGDT007</logicalDatatype>
<ownDataTypeParameters>,,</ownDataTypeParameters>
<autoIncrementCycle>false</autoIncrementCycle>
</Column>
</columns>
<indexes itemClass="oracle.dbtools.crest.model.design.relational.Index">
<ind_PK_UK id="95B46675-0012-4BA1-920A-EF4E7F4AC5AC" name="TRUCK_PK">
<createdBy>User</createdBy>
<createdTime>2023-05-02 23:34:35 UTC</createdTime>
<generatorID>5082E3CF-1383-ECEC-D94E-1D8C100ACF4F</generatorID>
<ownerDesignName>cui_oraclemodel</ownerDesignName>
<pk>true</pk>
<indexState>Primary Constraint</indexState>
<isSurrogateKey>false</isSurrogateKey>
<indexColumnUsage>
<colUsage columnID="B9F0629C-3751-DFE3-0FB4-A2BD68027AF9"/>
</indexColumnUsage>
</ind_PK_UK>
</indexes>
</Table>
