<?xml version = '1.0' encoding = 'UTF-8'?>
<Table class="oracle.dbtools.crest.model.design.relational.Table" directorySegmentName="seg_0" id="E094C707-338C-E63A-6E11-B56350A29237" name="CONTRACT_BIN">
<createdBy>User</createdBy>
<createdTime>2023-05-02 23:34:35 UTC</createdTime>
<generatorID>A420A4D5-CF39-1377-1C7C-90C01C47DB26</generatorID>
<ownerDesignName>cui_oraclemodel</ownerDesignName>
<allowColumnReorder>false</allowColumnReorder>
<existDependencyGenerateInDDl>true</existDependencyGenerateInDDl>
<parsed>true</parsed>
<columns itemClass="oracle.dbtools.crest.model.design.relational.Column">
<Column name="contbin_bin_type_supply_cost" id="39356BA8-A608-8CCA-269A-C87FFCD5DD86">
<createdBy>User</createdBy>
<createdTime>2023-05-02 23:34:35 UTC</createdTime>
<commentInRDBMS><![CDATA[Contract bin type supply cost]]></commentInRDBMS>
<generatorID>AC0F7C94-FB03-91F9-CC1F-B67D0949C389</generatorID>
<ownerDesignName>cui_oraclemodel</ownerDesignName>
<useDomainConstraints>false</useDomainConstraints>
<use>1</use>
<logicalDatatype>LOGDT019</logicalDatatype>
<dataTypePrecision>2</dataTypePrecision>
<ownDataTypeParameters>,2,</ownDataTypeParameters>
<autoIncrementCycle>false</autoIncrementCycle>
</Column>
<Column name="bin_size" id="2A8FFA47-7576-3D06-DBA7-A0F060502955">
<createdBy>jingweiong</createdBy>
<createdTime>2023-05-03 05:33:38 UTC</createdTime>
<commentInRDBMS><![CDATA[Bin size]]></commentInRDBMS>
<generatorID>BECFF3DC-7336-54D7-A3A6-3C04B0FE6A98</generatorID>
<ownerDesignName>cui_oraclemodel</ownerDesignName>
<useDomainConstraints>false</useDomainConstraints>
<use>1</use>
<logicalDatatype>LOGDT019</logicalDatatype>
<dataTypePrecision>3</dataTypePrecision>
<ownDataTypeParameters>,3,</ownDataTypeParameters>
<previousColumn>false</previousColumn>
<autoIncrementCycle>false</autoIncrementCycle>
<associations>
<colAssociation fkAssociation="B4E8F470-EF1D-E770-05E4-E24AB0E69503" referredColumn="916EB4A6-54B4-EABE-C048-F533AEF11D41"/>
</associations>
</Column>
<Column name="waste_type_id" id="DDEC53B2-69CF-04F2-9836-7411D61AAE31">
<createdBy>jingweiong</createdBy>
<createdTime>2023-05-03 05:33:38 UTC</createdTime>
<commentInRDBMS><![CDATA[Waste type ID]]></commentInRDBMS>
<generatorID>3C6CDA09-4EDE-0DB7-A14F-A6937364B12F</generatorID>
<ownerDesignName>cui_oraclemodel</ownerDesignName>
<useDomainConstraints>false</useDomainConstraints>
<use>1</use>
<logicalDatatype>LOGDT025</logicalDatatype>
<dataTypeSize>2</dataTypeSize>
<ownDataTypeParameters>2,,</ownDataTypeParameters>
<previousColumn>false</previousColumn>
<autoIncrementCycle>false</autoIncrementCycle>
<associations>
<colAssociation fkAssociation="B4E8F470-EF1D-E770-05E4-E24AB0E69503" referredColumn="B23669A4-D9B5-AA0D-CC31-1122D93A5E93"/>
</associations>
</Column>
<Column name="cont_num" id="41EE1B5B-2EFF-D209-1698-B5C7CDFFBFA6">
<createdBy>jingweiong</createdBy>
<createdTime>2023-05-03 05:33:38 UTC</createdTime>
<commentInRDBMS><![CDATA[Contract number]]></commentInRDBMS>
<generatorID>67F1BC9B-572F-A7CE-A8FB-58547F989A91</generatorID>
<ownerDesignName>cui_oraclemodel</ownerDesignName>
<useDomainConstraints>false</useDomainConstraints>
<use>1</use>
<logicalDatatype>LOGDT019</logicalDatatype>
<dataTypePrecision>3</dataTypePrecision>
<ownDataTypeParameters>,3,</ownDataTypeParameters>
<previousColumn>false</previousColumn>
<autoIncrementCycle>false</autoIncrementCycle>
<associations>
<colAssociation fkAssociation="AF86C3E6-8C1D-D49F-9C73-1145347AE4EE" referredColumn="77497F06-37F5-08F5-A994-454A6EC5B6A2"/>
</associations>
</Column>
</columns>
<indexes itemClass="oracle.dbtools.crest.model.design.relational.Index">
<ind_PK_UK id="A8363BEE-509E-9285-641C-576B7909CDB1" name="CONTRACT_BIN_PK">
<createdBy>User</createdBy>
<createdTime>2023-05-02 23:34:35 UTC</createdTime>
<generatorID>7923AB42-F153-EBC6-508B-E6C9F5C74381</generatorID>
<ownerDesignName>cui_oraclemodel</ownerDesignName>
<pk>true</pk>
<indexState>Primary Constraint</indexState>
<isSurrogateKey>false</isSurrogateKey>
</ind_PK_UK>
<ind_PK_UK id="C0F37E50-B775-12B0-DDB7-6C4C7F6BF046" name="contract_contbin_fk">
<createdBy>User</createdBy>
<createdTime>2023-05-03 04:00:47 UTC</createdTime>
<ownerDesignName>cui_oraclemodel</ownerDesignName>
<indexState>Foreign Key</indexState>
<isSurrogateKey>false</isSurrogateKey>
</ind_PK_UK>
<ind_PK_UK id="4CBE62AE-F644-3014-2B7A-93F94FB33A64" name="bintype_contbin_fk">
<createdBy>User</createdBy>
<createdTime>2023-05-03 04:00:47 UTC</createdTime>
<ownerDesignName>cui_oraclemodel</ownerDesignName>
<indexState>Foreign Key</indexState>
<isSurrogateKey>false</isSurrogateKey>
</ind_PK_UK>
<ind_PK_UK id="181EB3AF-28C6-1A8C-6D5A-A95E0E22BADC" name="bintype_contbin_fk">
<createdBy>jingweiong</createdBy>
<createdTime>2023-05-03 04:30:25 UTC</createdTime>
<ownerDesignName>cui_oraclemodel</ownerDesignName>
<indexState>Foreign Key</indexState>
<isSurrogateKey>false</isSurrogateKey>
</ind_PK_UK>
<ind_PK_UK id="C03D92BD-0B4B-ECDC-F70D-2C3AB54CB066" name="contract_contbin_fk">
<createdBy>jingweiong</createdBy>
<createdTime>2023-05-03 04:30:25 UTC</createdTime>
<ownerDesignName>cui_oraclemodel</ownerDesignName>
<indexState>Foreign Key</indexState>
<isSurrogateKey>false</isSurrogateKey>
</ind_PK_UK>
<ind_PK_UK id="5DFDD9D2-B1C0-1ABE-345C-51C00CBAB1AD" name="bintype_contractbin">
<createdBy>jingweiong</createdBy>
<createdTime>2023-05-03 05:33:38 UTC</createdTime>
<generatorID>87B92048-4BAA-A037-D9A3-694B5078540D</generatorID>
<ownerDesignName>cui_oraclemodel</ownerDesignName>
<indexState>Foreign Key</indexState>
<isSurrogateKey>false</isSurrogateKey>
<indexColumnUsage>
<colUsage columnID="2A8FFA47-7576-3D06-DBA7-A0F060502955"/>
<colUsage columnID="DDEC53B2-69CF-04F2-9836-7411D61AAE31"/>
</indexColumnUsage>
</ind_PK_UK>
<ind_PK_UK id="EA9B3915-D95B-FCBD-1492-7283996320CB" name="contract_contbin">
<createdBy>jingweiong</createdBy>
<createdTime>2023-05-03 05:33:38 UTC</createdTime>
<generatorID>7D836373-74F4-D3F1-66C1-BFF1C58D0F99</generatorID>
<ownerDesignName>cui_oraclemodel</ownerDesignName>
<indexState>Foreign Key</indexState>
<isSurrogateKey>false</isSurrogateKey>
<indexColumnUsage>
<colUsage columnID="41EE1B5B-2EFF-D209-1698-B5C7CDFFBFA6"/>
</indexColumnUsage>
</ind_PK_UK>
</indexes>
</Table>
