<?xml version = '1.0' encoding = 'UTF-8'?>
<Table class="oracle.dbtools.crest.model.design.relational.Table" directorySegmentName="seg_0" id="EFBEF641-4989-873F-61E1-10CAF602A2AE" name="BIN_TYPE">
<createdBy>User</createdBy>
<createdTime>2023-05-02 23:34:35 UTC</createdTime>
<generatorID>F2590204-AAD1-8658-2D6B-30977F765C09</generatorID>
<ownerDesignName>cui_oraclemodel</ownerDesignName>
<allowColumnReorder>false</allowColumnReorder>
<existDependencyGenerateInDDl>true</existDependencyGenerateInDDl>
<parsed>true</parsed>
<columns itemClass="oracle.dbtools.crest.model.design.relational.Column">
<Column name="bin_size" id="916EB4A6-54B4-EABE-C048-F533AEF11D41">
<createdBy>User</createdBy>
<createdTime>2023-05-02 23:34:35 UTC</createdTime>
<commentInRDBMS><![CDATA[Bin size]]></commentInRDBMS>
<generatorID>0E559FDD-EB11-4193-355E-6CD15C0C22E9</generatorID>
<ownerDesignName>cui_oraclemodel</ownerDesignName>
<useDomainConstraints>false</useDomainConstraints>
<use>1</use>
<logicalDatatype>LOGDT019</logicalDatatype>
<dataTypePrecision>3</dataTypePrecision>
<ownDataTypeParameters>,3,</ownDataTypeParameters>
<autoIncrementCycle>false</autoIncrementCycle>
</Column>
<Column name="waste_type_id" id="B23669A4-D9B5-AA0D-CC31-1122D93A5E93">
<createdBy>User</createdBy>
<createdTime>2023-05-02 23:34:35 UTC</createdTime>
<commentInRDBMS><![CDATA[Waste type ID]]></commentInRDBMS>
<generatorID>3BE726CA-6238-76AC-998B-29C1AC64696A</generatorID>
<ownerDesignName>cui_oraclemodel</ownerDesignName>
<useDomainConstraints>false</useDomainConstraints>
<use>1</use>
<logicalDatatype>LOGDT025</logicalDatatype>
<dataTypeSize>2</dataTypeSize>
<ownDataTypeParameters>,,</ownDataTypeParameters>
<previousColumn>false</previousColumn>
<autoIncrementCycle>false</autoIncrementCycle>
<associations>
<colAssociation fkAssociation="64E26EF3-22CC-C8A6-FEBD-77D9F03CE4C8" referredColumn="277A65B4-714B-76E6-52D0-DFECA421BCF6"/>
</associations>
</Column>
<Column name="bin_std_supply_cost" id="02CD9901-C027-CB67-511A-4101784D51C7">
<createdBy>User</createdBy>
<createdTime>2023-05-02 23:34:35 UTC</createdTime>
<commentInRDBMS><![CDATA[Bin standard supply cost]]></commentInRDBMS>
<generatorID>B5CC50D1-168D-222F-2451-F1544AFF9BDE</generatorID>
<ownerDesignName>cui_oraclemodel</ownerDesignName>
<useDomainConstraints>false</useDomainConstraints>
<use>1</use>
<logicalDatatype>LOGDT019</logicalDatatype>
<dataTypePrecision>2</dataTypePrecision>
<ownDataTypeParameters>,2,</ownDataTypeParameters>
<autoIncrementCycle>false</autoIncrementCycle>
</Column>
</columns>
<indexes itemClass="oracle.dbtools.crest.model.design.relational.Index">
<ind_PK_UK id="9D6BBAB5-C20D-70B6-775E-47F014CDBFCC" name="BIN_TYPE_PK">
<createdBy>User</createdBy>
<createdTime>2023-05-02 23:34:35 UTC</createdTime>
<generatorID>2661D389-0B79-CC10-5AA9-512760F6471B</generatorID>
<ownerDesignName>cui_oraclemodel</ownerDesignName>
<pk>true</pk>
<indexState>Primary Constraint</indexState>
<isSurrogateKey>false</isSurrogateKey>
<indexColumnUsage>
<colUsage columnID="916EB4A6-54B4-EABE-C048-F533AEF11D41"/>
<colUsage columnID="B23669A4-D9B5-AA0D-CC31-1122D93A5E93"/>
</indexColumnUsage>
</ind_PK_UK>
<ind_PK_UK id="E5F8D29F-9043-CD65-9092-22C744391DDC" name="waste_bintype">
<createdBy>User</createdBy>
<createdTime>2023-05-02 23:34:35 UTC</createdTime>
<generatorID>3EB7C456-FA31-CD6E-FF5B-4158D7FD9832</generatorID>
<ownerDesignName>cui_oraclemodel</ownerDesignName>
<indexState>Foreign Key</indexState>
<isSurrogateKey>false</isSurrogateKey>
<indexColumnUsage>
<colUsage columnID="B23669A4-D9B5-AA0D-CC31-1122D93A5E93"/>
</indexColumnUsage>
</ind_PK_UK>
</indexes>
</Table>
