<?xml version = '1.0' encoding = 'UTF-8'?>
<relationalModel class="oracle.dbtools.crest.model.design.relational.RelationalDesign" name="Relational_1" id="85BA8656-E6D8-1BCC-1E3F-6C7A9D9C349E" mainViewID="4C061E1C-68A5-96ED-CBFC-99C037A3A1C5">
<createdBy>jingweiong</createdBy>
<createdTime>2023-04-30 08:34:20 UTC</createdTime>
<ownerDesignName>cui_oraclemodel</ownerDesignName>
<shouldBeOpen>false</shouldBeOpen>
<selectedRDBMSSite>3FD120B5-9F4E-6278-D5E2-746D192C8319</selectedRDBMSSite>
</relationalModel>