<?xml version = '1.0' encoding = 'UTF-8'?>
<Entity class="oracle.dbtools.crest.model.design.logical.Entity" directorySegmentName="seg_0" id="10691439-3ADB-A193-20CC-52FCEEC43681" name="DRIVER">
<createdBy>jingweiong</createdBy>
<createdTime>2023-05-03 05:41:44 UTC</createdTime>
<ownerDesignName>cui_oraclemodel</ownerDesignName>
<engineerTo>
<item key="85BA8656-E6D8-1BCC-1E3F-6C7A9D9C349E" value="true"/>
</engineerTo>
<adequatelyNormalized>NO</adequatelyNormalized>
<expectedVolumes>0</expectedVolumes>
<fwdEngineeringStrategyName>Single Table</fwdEngineeringStrategyName>
<growthPercent>0</growthPercent>
<growthType>Year</growthType>
<maxVolumes>9999999</maxVolumes>
<minVolumes>0</minVolumes>
<normalForm>Third</normalForm>
<attributes itemClass="oracle.dbtools.crest.model.design.logical.Attribute">
<Attribute name="driver_contact_num" id="6CB6E098-2465-7D5A-17AB-235EB2246C2C">
<createdBy>jingweiong</createdBy>
<createdTime>2023-05-03 05:41:58 UTC</createdTime>
<commentInRDBMS><![CDATA[driver contact number]]></commentInRDBMS>
<ownerDesignName>cui_oraclemodel</ownerDesignName>
<engineerTo>
<item key="85BA8656-E6D8-1BCC-1E3F-6C7A9D9C349E" value="true"/>
</engineerTo>
<useDomainConstraints>false</useDomainConstraints>
<use>1</use>
<logicalDatatype>LOGDT025</logicalDatatype>
<dataTypeSize>10</dataTypeSize>
<ownDataTypeParameters>10,,</ownDataTypeParameters>
</Attribute>
<Attribute name="driver_num" id="60C383CB-268E-D296-CB6D-569698687DAD">
<createdBy>jingweiong</createdBy>
<createdTime>2023-05-03 05:41:57 UTC</createdTime>
<commentInRDBMS><![CDATA[Driver number]]></commentInRDBMS>
<ownerDesignName>cui_oraclemodel</ownerDesignName>
<engineerTo>
<item key="85BA8656-E6D8-1BCC-1E3F-6C7A9D9C349E" value="true"/>
</engineerTo>
<useDomainConstraints>false</useDomainConstraints>
<use>1</use>
<logicalDatatype>LOGDT019</logicalDatatype>
<dataTypePrecision>2</dataTypePrecision>
<ownDataTypeParameters>,2,</ownDataTypeParameters>
</Attribute>
<Attribute name="driver_licence_num" id="CC135E7F-BB08-E26E-B02F-788B7D82FB5B">
<createdBy>jingweiong</createdBy>
<createdTime>2023-05-03 05:41:57 UTC</createdTime>
<commentInRDBMS><![CDATA[Driver licence number]]></commentInRDBMS>
<ownerDesignName>cui_oraclemodel</ownerDesignName>
<engineerTo>
<item key="85BA8656-E6D8-1BCC-1E3F-6C7A9D9C349E" value="true"/>
</engineerTo>
<useDomainConstraints>false</useDomainConstraints>
<use>1</use>
<logicalDatatype>LOGDT019</logicalDatatype>
<dataTypePrecision>9</dataTypePrecision>
<ownDataTypeParameters>,9,</ownDataTypeParameters>
</Attribute>
<Attribute name="driver_given_name" id="DE84AC38-3DD4-1CFC-A595-CB8EB95F0B14">
<createdBy>jingweiong</createdBy>
<createdTime>2023-05-03 05:41:57 UTC</createdTime>
<commentInRDBMS><![CDATA[driver given name]]></commentInRDBMS>
<ownerDesignName>cui_oraclemodel</ownerDesignName>
<engineerTo>
<item key="85BA8656-E6D8-1BCC-1E3F-6C7A9D9C349E" value="true"/>
</engineerTo>
<useDomainConstraints>false</useDomainConstraints>
<use>1</use>
<logicalDatatype>LOGDT024</logicalDatatype>
<dataTypeSize>50</dataTypeSize>
<ownDataTypeParameters>50,,</ownDataTypeParameters>
</Attribute>
<Attribute name="driver_family_name" id="846A7D5B-4E58-B24A-D6BD-8D6704575FCA">
<createdBy>jingweiong</createdBy>
<createdTime>2023-05-03 05:41:58 UTC</createdTime>
<commentInRDBMS><![CDATA[Driver family name]]></commentInRDBMS>
<ownerDesignName>cui_oraclemodel</ownerDesignName>
<engineerTo>
<item key="85BA8656-E6D8-1BCC-1E3F-6C7A9D9C349E" value="true"/>
</engineerTo>
<useDomainConstraints>false</useDomainConstraints>
<use>1</use>
<logicalDatatype>LOGDT024</logicalDatatype>
<dataTypeSize>50</dataTypeSize>
<ownDataTypeParameters>50,,</ownDataTypeParameters>
</Attribute>
<Attribute name="driver_dob" id="42D98846-D0F2-E5CC-3ACE-EADB1BE6E401">
<createdBy>jingweiong</createdBy>
<createdTime>2023-05-03 05:41:58 UTC</createdTime>
<commentInRDBMS><![CDATA[driver date of birth]]></commentInRDBMS>
<ownerDesignName>cui_oraclemodel</ownerDesignName>
<engineerTo>
<item key="85BA8656-E6D8-1BCC-1E3F-6C7A9D9C349E" value="true"/>
</engineerTo>
<useDomainConstraints>false</useDomainConstraints>
<use>1</use>
<logicalDatatype>LOGDT007</logicalDatatype>
<ownDataTypeParameters>,,</ownDataTypeParameters>
</Attribute>
<Attribute name="driver_taxfile_num" id="FB0ABA15-45D5-79B3-328C-B7B73ABB0364">
<createdBy>jingweiong</createdBy>
<createdTime>2023-05-03 05:41:58 UTC</createdTime>
<commentInRDBMS><![CDATA[driver taxfile number]]></commentInRDBMS>
<ownerDesignName>cui_oraclemodel</ownerDesignName>
<engineerTo>
<item key="85BA8656-E6D8-1BCC-1E3F-6C7A9D9C349E" value="true"/>
</engineerTo>
<useDomainConstraints>false</useDomainConstraints>
<use>1</use>
<logicalDatatype>LOGDT025</logicalDatatype>
<dataTypeSize>9</dataTypeSize>
<ownDataTypeParameters>9,,</ownDataTypeParameters>
</Attribute>
</attributes>
<identifiers itemClass="oracle.dbtools.crest.model.design.logical.CandidateKey">
<identifier id="16BFC5C2-FD77-EE66-7E06-0E66D8ABD3F0" name="DRIVER PK">
<createdBy>jingweiong</createdBy>
<createdTime>2023-05-03 05:42:26 UTC</createdTime>
<ownerDesignName>cui_oraclemodel</ownerDesignName>
<engineerTo>
<item key="85BA8656-E6D8-1BCC-1E3F-6C7A9D9C349E" value="true"/>
</engineerTo>
<pk>true</pk>
<usedAttributes>
<attributeRef>60C383CB-268E-D296-CB6D-569698687DAD</attributeRef>
</usedAttributes>
</identifier>
</identifiers>
</Entity>
