<?xml version = '1.0' encoding = 'UTF-8'?>
<Entity class="oracle.dbtools.crest.model.design.logical.Entity" directorySegmentName="seg_0" id="19D4F3EA-41A1-BC02-E237-3A8A2BC8B420" name="COLLECTION_BIN">
<createdBy>jingweiong</createdBy>
<createdTime>2023-05-03 05:34:59 UTC</createdTime>
<ownerDesignName>cui_oraclemodel</ownerDesignName>
<engineerTo>
<item key="85BA8656-E6D8-1BCC-1E3F-6C7A9D9C349E" value="true"/>
</engineerTo>
<adequatelyNormalized>NO</adequatelyNormalized>
<expectedVolumes>0</expectedVolumes>
<fwdEngineeringStrategyName>Single Table</fwdEngineeringStrategyName>
<growthPercent>0</growthPercent>
<growthType>Year</growthType>
<maxVolumes>9999999</maxVolumes>
<minVolumes>0</minVolumes>
<normalForm>Third</normalForm>
<attributes itemClass="oracle.dbtools.crest.model.design.logical.Attribute">
<Attribute name="colbin_collected_kgs" id="534BBC6E-92AA-B607-AFB9-F927649CC0D9">
<createdBy>jingweiong</createdBy>
<createdTime>2023-05-03 05:35:13 UTC</createdTime>
<commentInRDBMS><![CDATA[Collection bin collected kg]]></commentInRDBMS>
<ownerDesignName>cui_oraclemodel</ownerDesignName>
<engineerTo>
<item key="85BA8656-E6D8-1BCC-1E3F-6C7A9D9C349E" value="true"/>
</engineerTo>
<useDomainConstraints>false</useDomainConstraints>
<use>1</use>
<logicalDatatype>LOGDT019</logicalDatatype>
<dataTypePrecision>2</dataTypePrecision>
<ownDataTypeParameters>,2,</ownDataTypeParameters>
</Attribute>
<Attribute name="colbin_overweight" id="18636374-B14C-3839-D7B1-0D1C13DE2F7F">
<createdBy>jingweiong</createdBy>
<createdTime>2023-05-03 05:35:13 UTC</createdTime>
<commentInRDBMS><![CDATA[collection bin overweight]]></commentInRDBMS>
<ownerDesignName>cui_oraclemodel</ownerDesignName>
<engineerTo>
<item key="85BA8656-E6D8-1BCC-1E3F-6C7A9D9C349E" value="true"/>
</engineerTo>
<constraintName>chk_overweight</constraintName>
<useDomainConstraints>false</useDomainConstraints>
<use>1</use>
<logicalDatatype>LOGDT025</logicalDatatype>
<dataTypeSize>1</dataTypeSize>
<listOfValues>
<valueDef value="N" description="not overweight"/>
<valueDef value="Y" description="overweight"/>
</listOfValues>
<ownDataTypeParameters>1,,</ownDataTypeParameters>
</Attribute>
<Attribute name="collection_date" id="0AF99ADF-CD3A-6FFF-2511-D68084EA06E2">
<createdBy>jingweiong</createdBy>
<createdTime>2023-05-03 06:05:48 UTC</createdTime>
<commentInRDBMS><![CDATA[Collection date]]></commentInRDBMS>
<generatorID>566FFA8B-882E-7736-E4A2-A824D384D868</generatorID>
<ownerDesignName>cui_oraclemodel</ownerDesignName>
<engineerTo>
<item key="85BA8656-E6D8-1BCC-1E3F-6C7A9D9C349E" value="true"/>
</engineerTo>
<referedAttribute>7787F223-D87A-FF46-92B6-50D0D96734D4</referedAttribute>
<useDomainConstraints>false</useDomainConstraints>
<use>1</use>
<logicalDatatype>LOGDT007</logicalDatatype>
<ownDataTypeParameters>,,</ownDataTypeParameters>
</Attribute>
<Attribute name="waste_type_id" id="AF9E1E02-E1A5-8B69-8065-5863A163B5EF">
<createdBy>jingweiong</createdBy>
<createdTime>2023-05-03 06:05:48 UTC</createdTime>
<commentInRDBMS><![CDATA[waste type id]]></commentInRDBMS>
<generatorID>566FFA8B-882E-7736-E4A2-A824D384D868</generatorID>
<ownerDesignName>cui_oraclemodel</ownerDesignName>
<engineerTo>
<item key="85BA8656-E6D8-1BCC-1E3F-6C7A9D9C349E" value="true"/>
</engineerTo>
<referedAttribute>7DC1E1D2-243A-8384-5F0A-CBD844635228</referedAttribute>
<useDomainConstraints>false</useDomainConstraints>
<use>1</use>
<logicalDatatype>LOGDT025</logicalDatatype>
<dataTypeSize>2</dataTypeSize>
<ownDataTypeParameters>,,</ownDataTypeParameters>
</Attribute>
<Attribute name="cont_num" id="70833EA5-44BC-CCCF-2D23-BDB62580A21B">
<createdBy>jingweiong</createdBy>
<createdTime>2023-05-03 06:05:48 UTC</createdTime>
<commentInRDBMS><![CDATA[contract number]]></commentInRDBMS>
<generatorID>566FFA8B-882E-7736-E4A2-A824D384D868</generatorID>
<ownerDesignName>cui_oraclemodel</ownerDesignName>
<engineerTo>
<item key="85BA8656-E6D8-1BCC-1E3F-6C7A9D9C349E" value="true"/>
</engineerTo>
<referedAttribute>8B96C54A-6063-95B1-5982-98F462739522</referedAttribute>
<useDomainConstraints>false</useDomainConstraints>
<use>1</use>
<logicalDatatype>LOGDT019</logicalDatatype>
<dataTypePrecision>3</dataTypePrecision>
<ownDataTypeParameters>,,</ownDataTypeParameters>
</Attribute>
<Attribute name="propbin_RFID_tag" id="96578BDE-6266-BFF3-A536-0A1CA9480E4C">
<createdBy>jingweiong</createdBy>
<createdTime>2023-05-03 06:06:15 UTC</createdTime>
<commentInRDBMS><![CDATA[property bin RFID tag]]></commentInRDBMS>
<generatorID>52F0ED46-5C5B-A7B4-ACB0-AC5550E08854</generatorID>
<ownerDesignName>cui_oraclemodel</ownerDesignName>
<engineerTo>
<item key="85BA8656-E6D8-1BCC-1E3F-6C7A9D9C349E" value="true"/>
</engineerTo>
<referedAttribute>44C4EE46-19AB-1100-348E-B3F7ED6FFB0A</referedAttribute>
<useDomainConstraints>false</useDomainConstraints>
<use>1</use>
<logicalDatatype>LOGDT025</logicalDatatype>
<dataTypeSize>16</dataTypeSize>
<ownDataTypeParameters>,,</ownDataTypeParameters>
</Attribute>
</attributes>
<identifiers itemClass="oracle.dbtools.crest.model.design.logical.CandidateKey">
<identifier id="61F987C1-D20A-42A0-E8D8-C8FE30753757" name="COLLECTION_BIN PK">
<createdBy>jingweiong</createdBy>
<createdTime>2023-05-03 06:06:37 UTC</createdTime>
<ownerDesignName>cui_oraclemodel</ownerDesignName>
<engineerTo>
<item key="85BA8656-E6D8-1BCC-1E3F-6C7A9D9C349E" value="true"/>
</engineerTo>
<pk>true</pk>
<usedAttributes>
<attributeRef>96578BDE-6266-BFF3-A536-0A1CA9480E4C</attributeRef>
</usedAttributes>
</identifier>
</identifiers>
</Entity>
