<?xml version = '1.0' encoding = 'UTF-8'?>
<Entity class="oracle.dbtools.crest.model.design.logical.Entity" directorySegmentName="seg_0" id="1CECAA88-D9AE-080D-31C6-686A2C8C788D" name="COLLECTION">
<createdBy>jingweiong</createdBy>
<createdTime>2023-05-03 05:39:27 UTC</createdTime>
<ownerDesignName>cui_oraclemodel</ownerDesignName>
<engineerTo>
<item key="85BA8656-E6D8-1BCC-1E3F-6C7A9D9C349E" value="true"/>
</engineerTo>
<adequatelyNormalized>NO</adequatelyNormalized>
<expectedVolumes>0</expectedVolumes>
<fwdEngineeringStrategyName>Single Table</fwdEngineeringStrategyName>
<growthPercent>0</growthPercent>
<growthType>Year</growthType>
<maxVolumes>9999999</maxVolumes>
<minVolumes>0</minVolumes>
<normalForm>Third</normalForm>
<attributes itemClass="oracle.dbtools.crest.model.design.logical.Attribute">
<Attribute name="collection_date" id="7787F223-D87A-FF46-92B6-50D0D96734D4">
<createdBy>jingweiong</createdBy>
<createdTime>2023-05-03 05:39:41 UTC</createdTime>
<commentInRDBMS><![CDATA[Collection date]]></commentInRDBMS>
<ownerDesignName>cui_oraclemodel</ownerDesignName>
<engineerTo>
<item key="85BA8656-E6D8-1BCC-1E3F-6C7A9D9C349E" value="true"/>
</engineerTo>
<useDomainConstraints>false</useDomainConstraints>
<use>1</use>
<logicalDatatype>LOGDT007</logicalDatatype>
<ownDataTypeParameters>,,</ownDataTypeParameters>
</Attribute>
<Attribute name="waste_type_id" id="7DC1E1D2-243A-8384-5F0A-CBD844635228">
<createdBy>jingweiong</createdBy>
<createdTime>2023-05-03 06:04:05 UTC</createdTime>
<commentInRDBMS><![CDATA[waste type id]]></commentInRDBMS>
<generatorID>6E11137C-FE25-58E0-B29B-0A0C4642D7A7</generatorID>
<ownerDesignName>cui_oraclemodel</ownerDesignName>
<engineerTo>
<item key="85BA8656-E6D8-1BCC-1E3F-6C7A9D9C349E" value="true"/>
</engineerTo>
<referedAttribute>1D5A9F13-6DBE-5E14-21A0-BF594E37AD59</referedAttribute>
<useDomainConstraints>false</useDomainConstraints>
<use>1</use>
<logicalDatatype>LOGDT025</logicalDatatype>
<dataTypeSize>2</dataTypeSize>
<ownDataTypeParameters>,,</ownDataTypeParameters>
</Attribute>
<Attribute name="cont_num" id="8B96C54A-6063-95B1-5982-98F462739522">
<createdBy>jingweiong</createdBy>
<createdTime>2023-05-03 06:04:05 UTC</createdTime>
<commentInRDBMS><![CDATA[contract number]]></commentInRDBMS>
<generatorID>6E11137C-FE25-58E0-B29B-0A0C4642D7A7</generatorID>
<ownerDesignName>cui_oraclemodel</ownerDesignName>
<engineerTo>
<item key="85BA8656-E6D8-1BCC-1E3F-6C7A9D9C349E" value="true"/>
</engineerTo>
<referedAttribute>3BA35026-9E7A-AC11-3BA8-2EF7577DB311</referedAttribute>
<useDomainConstraints>false</useDomainConstraints>
<use>1</use>
<logicalDatatype>LOGDT019</logicalDatatype>
<dataTypePrecision>3</dataTypePrecision>
<ownDataTypeParameters>,,</ownDataTypeParameters>
</Attribute>
<Attribute name="driver_num" id="6D6F7C03-3090-D22B-51B3-ED687E7CA50B">
<createdBy>jingweiong</createdBy>
<createdTime>2023-05-03 06:05:26 UTC</createdTime>
<commentInRDBMS><![CDATA[Driver number]]></commentInRDBMS>
<generatorID>99904770-01C6-5D18-185A-F7B2977860CC</generatorID>
<ownerDesignName>cui_oraclemodel</ownerDesignName>
<engineerTo>
<item key="85BA8656-E6D8-1BCC-1E3F-6C7A9D9C349E" value="true"/>
</engineerTo>
<referedAttribute>B3B1DC52-DAFE-72EC-D96B-54E8DC0E935A</referedAttribute>
<useDomainConstraints>false</useDomainConstraints>
<use>1</use>
<logicalDatatype>LOGDT019</logicalDatatype>
<dataTypePrecision>2</dataTypePrecision>
<ownDataTypeParameters>,,</ownDataTypeParameters>
</Attribute>
<Attribute name="truck_vin" id="DA552D98-1C6B-19DE-0CA1-CB5A6E9405B4">
<createdBy>jingweiong</createdBy>
<createdTime>2023-05-03 06:05:26 UTC</createdTime>
<commentInRDBMS><![CDATA[truck vin]]></commentInRDBMS>
<generatorID>99904770-01C6-5D18-185A-F7B2977860CC</generatorID>
<ownerDesignName>cui_oraclemodel</ownerDesignName>
<engineerTo>
<item key="85BA8656-E6D8-1BCC-1E3F-6C7A9D9C349E" value="true"/>
</engineerTo>
<referedAttribute>51E808E1-C769-1DDE-4191-DA83CCCA656D</referedAttribute>
<useDomainConstraints>false</useDomainConstraints>
<use>1</use>
<logicalDatatype>LOGDT025</logicalDatatype>
<dataTypeSize>17</dataTypeSize>
<ownDataTypeParameters>,,</ownDataTypeParameters>
</Attribute>
</attributes>
<identifiers itemClass="oracle.dbtools.crest.model.design.logical.CandidateKey">
<identifier id="745396CC-3480-1FEB-CBDD-386B1E8FD20C" name="COLLECTION PK">
<createdBy>jingweiong</createdBy>
<createdTime>2023-05-03 05:39:56 UTC</createdTime>
<ownerDesignName>cui_oraclemodel</ownerDesignName>
<engineerTo>
<item key="85BA8656-E6D8-1BCC-1E3F-6C7A9D9C349E" value="true"/>
</engineerTo>
<pk>true</pk>
<usedAttributes>
<attributeRef>7787F223-D87A-FF46-92B6-50D0D96734D4</attributeRef>
<attributeRef>7DC1E1D2-243A-8384-5F0A-CBD844635228</attributeRef>
<attributeRef>8B96C54A-6063-95B1-5982-98F462739522</attributeRef>
</usedAttributes>
</identifier>
</identifiers>
</Entity>
