<?xml version = '1.0' encoding = 'UTF-8'?>
<Entity class="oracle.dbtools.crest.model.design.logical.Entity" directorySegmentName="seg_0" id="3763F627-BA00-FA71-DD40-758728D1CA20" name="PROPERTY_OWNER">
<createdBy>User</createdBy>
<createdTime>2023-05-02 02:34:31 UTC</createdTime>
<ownerDesignName>cui_oraclemodel</ownerDesignName>
<engineerTo>
<item key="85BA8656-E6D8-1BCC-1E3F-6C7A9D9C349E" value="true"/>
</engineerTo>
<adequatelyNormalized>NO</adequatelyNormalized>
<expectedVolumes>0</expectedVolumes>
<fwdEngineeringStrategyName>Single Table</fwdEngineeringStrategyName>
<growthPercent>0</growthPercent>
<growthType>Year</growthType>
<maxVolumes>9999999</maxVolumes>
<minVolumes>0</minVolumes>
<normalForm>Third</normalForm>
<attributes itemClass="oracle.dbtools.crest.model.design.logical.Attribute">
<Attribute name="prop_no" id="A94A8041-760C-F9D6-F7F6-8CC9FF1EF456">
<createdBy>user</createdBy>
<createdTime>2023-05-02 08:07:54 UTC</createdTime>
<commentInRDBMS><![CDATA[Property number (surrogate PK)]]></commentInRDBMS>
<generatorID>57767C5D-685D-DF45-2776-C070E9EB6197</generatorID>
<ownerDesignName>cui_oraclemodel</ownerDesignName>
<engineerTo>
<item key="85BA8656-E6D8-1BCC-1E3F-6C7A9D9C349E" value="true"/>
</engineerTo>
<referedAttribute>CF688CF8-BC6D-8A43-6747-4C7EC337519E</referedAttribute>
<useDomainConstraints>false</useDomainConstraints>
<use>1</use>
<logicalDatatype>LOGDT019</logicalDatatype>
<dataTypePrecision>4</dataTypePrecision>
<ownDataTypeParameters>,4,</ownDataTypeParameters>
</Attribute>
<Attribute name="own_id" id="F6FC2181-E789-E2E1-86F8-433E775167CE">
<createdBy>User</createdBy>
<createdTime>2023-05-02 02:37:27 UTC</createdTime>
<commentInRDBMS><![CDATA[Owner ID]]></commentInRDBMS>
<generatorID>2527A6CF-FC75-2B1E-4BCA-A40AABECD69A</generatorID>
<ownerDesignName>cui_oraclemodel</ownerDesignName>
<engineerTo>
<item key="85BA8656-E6D8-1BCC-1E3F-6C7A9D9C349E" value="true"/>
</engineerTo>
<referedAttribute>EAB38FBF-998A-A3CF-B317-A2D4A230D074</referedAttribute>
<useDomainConstraints>false</useDomainConstraints>
<use>1</use>
<logicalDatatype>LOGDT019</logicalDatatype>
<dataTypePrecision>7</dataTypePrecision>
<ownDataTypeParameters>,7,</ownDataTypeParameters>
</Attribute>
</attributes>
<identifiers itemClass="oracle.dbtools.crest.model.design.logical.CandidateKey">
<identifier id="AB56EFBE-0924-8826-94B2-585885422015" name="PROPERTY_OWNER PK">
<createdBy>User</createdBy>
<createdTime>2023-05-02 02:36:58 UTC</createdTime>
<ownerDesignName>cui_oraclemodel</ownerDesignName>
<shouldEngineer>false</shouldEngineer>
<engineerTo>
<item key="85BA8656-E6D8-1BCC-1E3F-6C7A9D9C349E" value="false"/>
</engineerTo>
<pk>true</pk>
<usedAttributes>
<attributeRef>A94A8041-760C-F9D6-F7F6-8CC9FF1EF456</attributeRef>
<attributeRef>F6FC2181-E789-E2E1-86F8-433E775167CE</attributeRef>
</usedAttributes>
</identifier>
</identifiers>
</Entity>
