<?xml version = '1.0' encoding = 'UTF-8'?>
<Entity class="oracle.dbtools.crest.model.design.logical.Entity" directorySegmentName="seg_0" id="3A1884A3-EC44-EA80-7119-A12580BC2ACD" name="CONTRACT_BIN">
<createdBy>jingweiong</createdBy>
<createdTime>2023-05-03 05:54:02 UTC</createdTime>
<ownerDesignName>cui_oraclemodel</ownerDesignName>
<engineerTo>
<item key="85BA8656-E6D8-1BCC-1E3F-6C7A9D9C349E" value="true"/>
</engineerTo>
<adequatelyNormalized>NO</adequatelyNormalized>
<expectedVolumes>0</expectedVolumes>
<fwdEngineeringStrategyName>Single Table</fwdEngineeringStrategyName>
<growthPercent>0</growthPercent>
<growthType>Year</growthType>
<maxVolumes>9999999</maxVolumes>
<minVolumes>0</minVolumes>
<normalForm>Third</normalForm>
<attributes itemClass="oracle.dbtools.crest.model.design.logical.Attribute">
<Attribute name="contbin_bin_type_supply_cost" id="67CF486C-176E-9039-5F40-22B518893B99">
<createdBy>jingweiong</createdBy>
<createdTime>2023-05-03 05:54:11 UTC</createdTime>
<commentInRDBMS><![CDATA[contract bin type supply cost]]></commentInRDBMS>
<ownerDesignName>cui_oraclemodel</ownerDesignName>
<engineerTo>
<item key="85BA8656-E6D8-1BCC-1E3F-6C7A9D9C349E" value="true"/>
</engineerTo>
<useDomainConstraints>false</useDomainConstraints>
<use>1</use>
<logicalDatatype>LOGDT019</logicalDatatype>
<dataTypePrecision>2</dataTypePrecision>
<ownDataTypeParameters>,2,</ownDataTypeParameters>
</Attribute>
<Attribute name="cont_num" id="475D270D-72B2-FBDB-4BED-71404D4CD260">
<createdBy>jingweiong</createdBy>
<createdTime>2023-05-03 06:00:10 UTC</createdTime>
<commentInRDBMS><![CDATA[contract number]]></commentInRDBMS>
<generatorID>9A3D03C8-527B-874E-6F8C-CEC3727A56BD</generatorID>
<ownerDesignName>cui_oraclemodel</ownerDesignName>
<engineerTo>
<item key="85BA8656-E6D8-1BCC-1E3F-6C7A9D9C349E" value="true"/>
</engineerTo>
<referedAttribute>6E7233ED-F563-A8F3-0128-3AC33D2C3F3C</referedAttribute>
<useDomainConstraints>false</useDomainConstraints>
<use>1</use>
<logicalDatatype>LOGDT019</logicalDatatype>
<dataTypePrecision>3</dataTypePrecision>
<ownDataTypeParameters>,,</ownDataTypeParameters>
</Attribute>
<Attribute name="bin_size" id="94D3A7C9-6C15-2613-9FAE-13A2DC66A0A7">
<createdBy>jingweiong</createdBy>
<createdTime>2023-05-03 06:01:21 UTC</createdTime>
<commentInRDBMS><![CDATA[bin size]]></commentInRDBMS>
<generatorID>D63A5FE4-DE9B-FEB2-01B8-9CCF34E16086</generatorID>
<ownerDesignName>cui_oraclemodel</ownerDesignName>
<engineerTo>
<item key="85BA8656-E6D8-1BCC-1E3F-6C7A9D9C349E" value="true"/>
</engineerTo>
<referedAttribute>E1FB2A5C-3D42-33FA-52CB-6C884CC856A4</referedAttribute>
<useDomainConstraints>false</useDomainConstraints>
<use>1</use>
<logicalDatatype>LOGDT019</logicalDatatype>
<dataTypePrecision>3</dataTypePrecision>
<ownDataTypeParameters>,,</ownDataTypeParameters>
</Attribute>
<Attribute name="waste_type_id" id="ECA9DDF4-CD2B-B7B0-22EE-B688C38D543E">
<createdBy>jingweiong</createdBy>
<createdTime>2023-05-03 06:01:21 UTC</createdTime>
<commentInRDBMS><![CDATA[waste type id]]></commentInRDBMS>
<generatorID>D63A5FE4-DE9B-FEB2-01B8-9CCF34E16086</generatorID>
<ownerDesignName>cui_oraclemodel</ownerDesignName>
<engineerTo>
<item key="85BA8656-E6D8-1BCC-1E3F-6C7A9D9C349E" value="true"/>
</engineerTo>
<referedAttribute>D85997E7-1A23-8276-15F2-C6F4F841474A</referedAttribute>
<useDomainConstraints>false</useDomainConstraints>
<use>1</use>
<logicalDatatype>LOGDT025</logicalDatatype>
<dataTypeSize>2</dataTypeSize>
<ownDataTypeParameters>,,</ownDataTypeParameters>
</Attribute>
</attributes>
<identifiers itemClass="oracle.dbtools.crest.model.design.logical.CandidateKey">
<identifier id="BC765E02-DF44-2CF3-FFA0-DB426B16F53A" name="CONTRACT_BIN PK">
<createdBy>jingweiong</createdBy>
<createdTime>2023-05-03 06:00:30 UTC</createdTime>
<ownerDesignName>cui_oraclemodel</ownerDesignName>
<engineerTo>
<item key="85BA8656-E6D8-1BCC-1E3F-6C7A9D9C349E" value="true"/>
</engineerTo>
<pk>true</pk>
<usedAttributes>
<attributeRef>475D270D-72B2-FBDB-4BED-71404D4CD260</attributeRef>
<attributeRef>94D3A7C9-6C15-2613-9FAE-13A2DC66A0A7</attributeRef>
<attributeRef>ECA9DDF4-CD2B-B7B0-22EE-B688C38D543E</attributeRef>
</usedAttributes>
</identifier>
</identifiers>
</Entity>
