<?xml version = '1.0' encoding = 'UTF-8'?>
<Entity class="oracle.dbtools.crest.model.design.logical.Entity" directorySegmentName="seg_0" id="512394CD-CE91-9A10-889C-89ADE79478D1" name="CONTRACT_WASTE">
<createdBy>jingweiong</createdBy>
<createdTime>2023-05-03 05:49:45 UTC</createdTime>
<ownerDesignName>cui_oraclemodel</ownerDesignName>
<engineerTo>
<item key="85BA8656-E6D8-1BCC-1E3F-6C7A9D9C349E" value="true"/>
</engineerTo>
<adequatelyNormalized>NO</adequatelyNormalized>
<expectedVolumes>0</expectedVolumes>
<fwdEngineeringStrategyName>Single Table</fwdEngineeringStrategyName>
<growthPercent>0</growthPercent>
<growthType>Year</growthType>
<maxVolumes>9999999</maxVolumes>
<minVolumes>0</minVolumes>
<normalForm>Third</normalForm>
<attributes itemClass="oracle.dbtools.crest.model.design.logical.Attribute">
<Attribute name="contwaste_waste_cost_per_kg" id="FEFF5FD2-280B-1311-CE57-CAA5C3ACAC3F">
<createdBy>jingweiong</createdBy>
<createdTime>2023-05-03 05:49:55 UTC</createdTime>
<commentInRDBMS><![CDATA[contract waste cost per kg]]></commentInRDBMS>
<ownerDesignName>cui_oraclemodel</ownerDesignName>
<engineerTo>
<item key="85BA8656-E6D8-1BCC-1E3F-6C7A9D9C349E" value="true"/>
</engineerTo>
<useDomainConstraints>false</useDomainConstraints>
<use>1</use>
<logicalDatatype>LOGDT019</logicalDatatype>
<dataTypePrecision>3</dataTypePrecision>
<ownDataTypeParameters>,3,</ownDataTypeParameters>
</Attribute>
<Attribute name="contwaste_collection_frequency" id="7D4AD360-B43D-2A0C-88BE-7FDC91F52C47">
<createdBy>jingweiong</createdBy>
<createdTime>2023-05-03 05:49:55 UTC</createdTime>
<commentInRDBMS><![CDATA[contract waste collection frequency]]></commentInRDBMS>
<ownerDesignName>cui_oraclemodel</ownerDesignName>
<engineerTo>
<item key="85BA8656-E6D8-1BCC-1E3F-6C7A9D9C349E" value="true"/>
</engineerTo>
<constraintName>chk_collectionfreq</constraintName>
<useDomainConstraints>false</useDomainConstraints>
<use>1</use>
<logicalDatatype>LOGDT025</logicalDatatype>
<dataTypeSize>1</dataTypeSize>
<listOfValues>
<valueDef value="F" description="Fornightly"/>
<valueDef value="M" description="Monthly"/>
<valueDef value="W" description="Weekly"/>
</listOfValues>
<ownDataTypeParameters>1,,</ownDataTypeParameters>
</Attribute>
<Attribute name="waste_type_id" id="1D5A9F13-6DBE-5E14-21A0-BF594E37AD59">
<createdBy>jingweiong</createdBy>
<createdTime>2023-05-03 06:01:52 UTC</createdTime>
<commentInRDBMS><![CDATA[waste type id]]></commentInRDBMS>
<generatorID>37D0E00A-A913-6267-DD2A-DA0A154668C3</generatorID>
<ownerDesignName>cui_oraclemodel</ownerDesignName>
<engineerTo>
<item key="85BA8656-E6D8-1BCC-1E3F-6C7A9D9C349E" value="true"/>
</engineerTo>
<referedAttribute>74718274-37B8-BF37-82DF-BAFFA41C48C8</referedAttribute>
<useDomainConstraints>false</useDomainConstraints>
<use>1</use>
<logicalDatatype>LOGDT025</logicalDatatype>
<dataTypeSize>2</dataTypeSize>
<ownDataTypeParameters>,,</ownDataTypeParameters>
</Attribute>
<Attribute name="cont_num" id="3BA35026-9E7A-AC11-3BA8-2EF7577DB311">
<createdBy>jingweiong</createdBy>
<createdTime>2023-05-03 06:02:14 UTC</createdTime>
<commentInRDBMS><![CDATA[contract number]]></commentInRDBMS>
<generatorID>F834326C-3A37-10F1-E6A8-2FFF1A892FAC</generatorID>
<ownerDesignName>cui_oraclemodel</ownerDesignName>
<engineerTo>
<item key="85BA8656-E6D8-1BCC-1E3F-6C7A9D9C349E" value="true"/>
</engineerTo>
<referedAttribute>6E7233ED-F563-A8F3-0128-3AC33D2C3F3C</referedAttribute>
<useDomainConstraints>false</useDomainConstraints>
<use>1</use>
<logicalDatatype>LOGDT019</logicalDatatype>
<dataTypePrecision>3</dataTypePrecision>
<ownDataTypeParameters>,,</ownDataTypeParameters>
</Attribute>
</attributes>
<identifiers itemClass="oracle.dbtools.crest.model.design.logical.CandidateKey">
<identifier id="8C26E64F-63EB-4BF7-5378-CD94C4E29764" name="CONTRACT_WASTE PK">
<createdBy>jingweiong</createdBy>
<createdTime>2023-05-03 06:02:09 UTC</createdTime>
<ownerDesignName>cui_oraclemodel</ownerDesignName>
<engineerTo>
<item key="85BA8656-E6D8-1BCC-1E3F-6C7A9D9C349E" value="true"/>
</engineerTo>
<pk>true</pk>
<usedAttributes>
<attributeRef>1D5A9F13-6DBE-5E14-21A0-BF594E37AD59</attributeRef>
<attributeRef>3BA35026-9E7A-AC11-3BA8-2EF7577DB311</attributeRef>
</usedAttributes>
</identifier>
</identifiers>
</Entity>
