<?xml version = '1.0' encoding = 'UTF-8'?>
<Entity class="oracle.dbtools.crest.model.design.logical.Entity" directorySegmentName="seg_0" id="6D741588-C2B5-ED3E-5C62-F87BD9CD3735" name="PROPERTY">
<createdBy>User</createdBy>
<createdTime>2023-05-02 02:22:26 UTC</createdTime>
<ownerDesignName>cui_oraclemodel</ownerDesignName>
<engineerTo>
<item key="85BA8656-E6D8-1BCC-1E3F-6C7A9D9C349E" value="true"/>
</engineerTo>
<adequatelyNormalized>NO</adequatelyNormalized>
<expectedVolumes>0</expectedVolumes>
<fwdEngineeringStrategyName>Single Table</fwdEngineeringStrategyName>
<growthPercent>0</growthPercent>
<growthType>Year</growthType>
<maxVolumes>9999999</maxVolumes>
<minVolumes>0</minVolumes>
<normalForm>Third</normalForm>
<attributes itemClass="oracle.dbtools.crest.model.design.logical.Attribute">
<Attribute name="prop_no" id="CF688CF8-BC6D-8A43-6747-4C7EC337519E">
<createdBy>user</createdBy>
<createdTime>2023-05-02 08:00:28 UTC</createdTime>
<commentInRDBMS><![CDATA[Property number (surrogate PK)]]></commentInRDBMS>
<ownerDesignName>cui_oraclemodel</ownerDesignName>
<engineerTo>
<item key="85BA8656-E6D8-1BCC-1E3F-6C7A9D9C349E" value="true"/>
</engineerTo>
<useDomainConstraints>false</useDomainConstraints>
<use>1</use>
<logicalDatatype>LOGDT019</logicalDatatype>
<dataTypePrecision>4</dataTypePrecision>
<ownDataTypeParameters>,4,</ownDataTypeParameters>
</Attribute>
<Attribute name="street_num" id="73AD6660-CBE9-4758-D19B-2677F5F21012">
<createdBy>User</createdBy>
<createdTime>2023-05-02 02:22:36 UTC</createdTime>
<commentInRDBMS><![CDATA[Property street number]]></commentInRDBMS>
<ownerDesignName>cui_oraclemodel</ownerDesignName>
<engineerTo>
<item key="85BA8656-E6D8-1BCC-1E3F-6C7A9D9C349E" value="true"/>
</engineerTo>
<useDomainConstraints>false</useDomainConstraints>
<use>1</use>
<logicalDatatype>LOGDT019</logicalDatatype>
<dataTypePrecision>3</dataTypePrecision>
<ownDataTypeParameters>,3,</ownDataTypeParameters>
</Attribute>
<Attribute name="street_id" id="02608CAF-081F-B9EA-CE14-B5701B1168D2">
<createdBy>User</createdBy>
<createdTime>2023-05-02 02:24:53 UTC</createdTime>
<commentInRDBMS><![CDATA[Street ID]]></commentInRDBMS>
<generatorID>EAECF21C-27A0-65B1-A9B4-DE842E8B7E74</generatorID>
<ownerDesignName>cui_oraclemodel</ownerDesignName>
<engineerTo>
<item key="85BA8656-E6D8-1BCC-1E3F-6C7A9D9C349E" value="true"/>
</engineerTo>
<referedAttribute>600C6649-B0F4-6FF8-6334-13F8615E75A4</referedAttribute>
<useDomainConstraints>false</useDomainConstraints>
<use>1</use>
<logicalDatatype>LOGDT019</logicalDatatype>
<dataTypePrecision>7</dataTypePrecision>
<ownDataTypeParameters>,7,</ownDataTypeParameters>
</Attribute>
<Attribute name="auth_name" id="E95F399D-0BEC-A15D-E816-4AE958C78319">
<createdBy>User</createdBy>
<createdTime>2023-05-02 02:24:53 UTC</createdTime>
<commentInRDBMS><![CDATA[Local authority name]]></commentInRDBMS>
<generatorID>EAECF21C-27A0-65B1-A9B4-DE842E8B7E74</generatorID>
<ownerDesignName>cui_oraclemodel</ownerDesignName>
<engineerTo>
<item key="85BA8656-E6D8-1BCC-1E3F-6C7A9D9C349E" value="true"/>
</engineerTo>
<referedAttribute>694AE994-9126-291F-2C46-82363CAAD936</referedAttribute>
<useDomainConstraints>false</useDomainConstraints>
<use>1</use>
<logicalDatatype>LOGDT024</logicalDatatype>
<dataTypeSize>50</dataTypeSize>
<ownDataTypeParameters>50,,</ownDataTypeParameters>
</Attribute>
</attributes>
<identifiers itemClass="oracle.dbtools.crest.model.design.logical.CandidateKey">
<identifier id="22D1624D-EEDC-0CC5-FD50-E33076E065F5" name="PROPERTY_PK">
<createdBy>User</createdBy>
<createdTime>2023-05-02 02:23:23 UTC</createdTime>
<ownerDesignName>cui_oraclemodel</ownerDesignName>
<shouldEngineer>false</shouldEngineer>
<engineerTo>
<item key="85BA8656-E6D8-1BCC-1E3F-6C7A9D9C349E" value="false"/>
</engineerTo>
<pk>true</pk>
<newElementsIDs>CF688CF8-BC6D-8A43-6747-4C7EC337519E</newElementsIDs>
<usedAttributes>
<attributeRef>CF688CF8-BC6D-8A43-6747-4C7EC337519E</attributeRef>
</usedAttributes>
</identifier>
<identifier id="D4DD74DE-7F10-CEF6-C714-5954A1C5A860" name="PROPERTY_NK">
<createdBy>user</createdBy>
<createdTime>2023-05-02 08:17:20 UTC</createdTime>
<ownerDesignName>cui_oraclemodel</ownerDesignName>
<shouldEngineer>false</shouldEngineer>
<engineerTo>
<item key="85BA8656-E6D8-1BCC-1E3F-6C7A9D9C349E" value="false"/>
</engineerTo>
<newElementsIDs>02608CAF-081F-B9EA-CE14-B5701B1168D2,E95F399D-0BEC-A15D-E816-4AE958C78319,73AD6660-CBE9-4758-D19B-2677F5F21012</newElementsIDs>
<usedAttributes>
<attributeRef>02608CAF-081F-B9EA-CE14-B5701B1168D2</attributeRef>
<attributeRef>E95F399D-0BEC-A15D-E816-4AE958C78319</attributeRef>
<attributeRef>73AD6660-CBE9-4758-D19B-2677F5F21012</attributeRef>
</usedAttributes>
</identifier>
</identifiers>
</Entity>
