<?xml version = '1.0' encoding = 'UTF-8'?>
<Entity class="oracle.dbtools.crest.model.design.logical.Entity" directorySegmentName="seg_0" id="6F86C202-1E6A-38A1-DD04-AB38F56964C6" name="AUTHORISED_TRUCK">
<createdBy>jingweiong</createdBy>
<createdTime>2023-05-03 05:40:32 UTC</createdTime>
<ownerDesignName>cui_oraclemodel</ownerDesignName>
<engineerTo>
<item key="85BA8656-E6D8-1BCC-1E3F-6C7A9D9C349E" value="true"/>
</engineerTo>
<adequatelyNormalized>NO</adequatelyNormalized>
<expectedVolumes>0</expectedVolumes>
<fwdEngineeringStrategyName>Single Table</fwdEngineeringStrategyName>
<growthPercent>0</growthPercent>
<growthType>Year</growthType>
<maxVolumes>9999999</maxVolumes>
<minVolumes>0</minVolumes>
<normalForm>Third</normalForm>
<attributes itemClass="oracle.dbtools.crest.model.design.logical.Attribute">
<Attribute name="authtruck_date_of_approval" id="D4D2BE0B-96D6-850D-2291-51BC88AE5BF7">
<createdBy>jingweiong</createdBy>
<createdTime>2023-05-03 05:40:46 UTC</createdTime>
<commentInRDBMS><![CDATA[Authorised truck date of approval]]></commentInRDBMS>
<ownerDesignName>cui_oraclemodel</ownerDesignName>
<engineerTo>
<item key="85BA8656-E6D8-1BCC-1E3F-6C7A9D9C349E" value="true"/>
</engineerTo>
<useDomainConstraints>false</useDomainConstraints>
<use>1</use>
<logicalDatatype>LOGDT007</logicalDatatype>
<ownDataTypeParameters>,,</ownDataTypeParameters>
</Attribute>
<Attribute name="driver_num" id="B3B1DC52-DAFE-72EC-D96B-54E8DC0E935A">
<createdBy>jingweiong</createdBy>
<createdTime>2023-05-03 06:04:35 UTC</createdTime>
<commentInRDBMS><![CDATA[Driver number]]></commentInRDBMS>
<generatorID>ED0BC925-F011-4CE5-90E2-327FA598BE44</generatorID>
<ownerDesignName>cui_oraclemodel</ownerDesignName>
<engineerTo>
<item key="85BA8656-E6D8-1BCC-1E3F-6C7A9D9C349E" value="true"/>
</engineerTo>
<referedAttribute>60C383CB-268E-D296-CB6D-569698687DAD</referedAttribute>
<useDomainConstraints>false</useDomainConstraints>
<use>1</use>
<logicalDatatype>LOGDT019</logicalDatatype>
<dataTypePrecision>2</dataTypePrecision>
<ownDataTypeParameters>,,</ownDataTypeParameters>
</Attribute>
<Attribute name="truck_vin" id="51E808E1-C769-1DDE-4191-DA83CCCA656D">
<createdBy>jingweiong</createdBy>
<createdTime>2023-05-03 06:04:55 UTC</createdTime>
<commentInRDBMS><![CDATA[truck vin]]></commentInRDBMS>
<generatorID>ACED42A1-C72D-5640-BC71-814619D36098</generatorID>
<ownerDesignName>cui_oraclemodel</ownerDesignName>
<engineerTo>
<item key="85BA8656-E6D8-1BCC-1E3F-6C7A9D9C349E" value="true"/>
</engineerTo>
<referedAttribute>5A522A8D-D8CB-5C2D-8832-4DECEB17A5BB</referedAttribute>
<useDomainConstraints>false</useDomainConstraints>
<use>1</use>
<logicalDatatype>LOGDT025</logicalDatatype>
<dataTypeSize>17</dataTypeSize>
<ownDataTypeParameters>,,</ownDataTypeParameters>
</Attribute>
</attributes>
<identifiers itemClass="oracle.dbtools.crest.model.design.logical.CandidateKey">
<identifier id="BD4BBF06-D896-9142-9B60-ECC0FC265D1B" name="AUTHORISED_TRUCK PK">
<createdBy>jingweiong</createdBy>
<createdTime>2023-05-03 06:04:50 UTC</createdTime>
<ownerDesignName>cui_oraclemodel</ownerDesignName>
<engineerTo>
<item key="85BA8656-E6D8-1BCC-1E3F-6C7A9D9C349E" value="true"/>
</engineerTo>
<pk>true</pk>
<usedAttributes>
<attributeRef>B3B1DC52-DAFE-72EC-D96B-54E8DC0E935A</attributeRef>
<attributeRef>51E808E1-C769-1DDE-4191-DA83CCCA656D</attributeRef>
</usedAttributes>
</identifier>
</identifiers>
</Entity>
