<?xml version = '1.0' encoding = 'UTF-8'?>
<Entity class="oracle.dbtools.crest.model.design.logical.Entity" directorySegmentName="seg_0" id="99831F43-6855-7A9B-BE65-7CC55BDC657D" name="WASTE">
<createdBy>jingweiong</createdBy>
<createdTime>2023-05-03 05:48:35 UTC</createdTime>
<ownerDesignName>cui_oraclemodel</ownerDesignName>
<engineerTo>
<item key="85BA8656-E6D8-1BCC-1E3F-6C7A9D9C349E" value="true"/>
</engineerTo>
<adequatelyNormalized>NO</adequatelyNormalized>
<expectedVolumes>0</expectedVolumes>
<fwdEngineeringStrategyName>Single Table</fwdEngineeringStrategyName>
<growthPercent>0</growthPercent>
<growthType>Year</growthType>
<maxVolumes>9999999</maxVolumes>
<minVolumes>0</minVolumes>
<normalForm>Third</normalForm>
<attributes itemClass="oracle.dbtools.crest.model.design.logical.Attribute">
<Attribute name="waste_type_id" id="74718274-37B8-BF37-82DF-BAFFA41C48C8">
<createdBy>jingweiong</createdBy>
<createdTime>2023-05-03 05:48:42 UTC</createdTime>
<commentInRDBMS><![CDATA[waste type id]]></commentInRDBMS>
<ownerDesignName>cui_oraclemodel</ownerDesignName>
<engineerTo>
<item key="85BA8656-E6D8-1BCC-1E3F-6C7A9D9C349E" value="true"/>
</engineerTo>
<useDomainConstraints>false</useDomainConstraints>
<use>1</use>
<logicalDatatype>LOGDT025</logicalDatatype>
<dataTypeSize>2</dataTypeSize>
<ownDataTypeParameters>2,,</ownDataTypeParameters>
</Attribute>
<Attribute name="waste_type_desc" id="55820449-50C1-CF8B-0141-34BE3DB64917">
<createdBy>jingweiong</createdBy>
<createdTime>2023-05-03 05:48:42 UTC</createdTime>
<commentInRDBMS><![CDATA[waste type description]]></commentInRDBMS>
<ownerDesignName>cui_oraclemodel</ownerDesignName>
<engineerTo>
<item key="85BA8656-E6D8-1BCC-1E3F-6C7A9D9C349E" value="true"/>
</engineerTo>
<useDomainConstraints>false</useDomainConstraints>
<use>1</use>
<logicalDatatype>LOGDT024</logicalDatatype>
<dataTypeSize>50</dataTypeSize>
<ownDataTypeParameters>50,,</ownDataTypeParameters>
</Attribute>
</attributes>
<identifiers itemClass="oracle.dbtools.crest.model.design.logical.CandidateKey">
<identifier id="D5A6D7B7-63D2-2904-CB2C-195F2C982D86" name="WASTE PK">
<createdBy>jingweiong</createdBy>
<createdTime>2023-05-03 05:49:00 UTC</createdTime>
<ownerDesignName>cui_oraclemodel</ownerDesignName>
<engineerTo>
<item key="85BA8656-E6D8-1BCC-1E3F-6C7A9D9C349E" value="true"/>
</engineerTo>
<pk>true</pk>
<usedAttributes>
<attributeRef>74718274-37B8-BF37-82DF-BAFFA41C48C8</attributeRef>
</usedAttributes>
</identifier>
</identifiers>
</Entity>
