<?xml version = '1.0' encoding = 'UTF-8'?>
<Entity class="oracle.dbtools.crest.model.design.logical.Entity" directorySegmentName="seg_0" id="9C7F1897-C311-9221-2C7D-63C8919F1089" name="STREET">
<createdBy>User</createdBy>
<createdTime>2023-05-02 01:42:46 UTC</createdTime>
<ownerDesignName>cui_oraclemodel</ownerDesignName>
<engineerTo>
<item key="85BA8656-E6D8-1BCC-1E3F-6C7A9D9C349E" value="true"/>
</engineerTo>
<adequatelyNormalized>NO</adequatelyNormalized>
<expectedVolumes>0</expectedVolumes>
<fwdEngineeringStrategyName>Single Table</fwdEngineeringStrategyName>
<growthPercent>0</growthPercent>
<growthType>Year</growthType>
<maxVolumes>9999999</maxVolumes>
<minVolumes>0</minVolumes>
<normalForm>Third</normalForm>
<attributes itemClass="oracle.dbtools.crest.model.design.logical.Attribute">
<Attribute name="street_id" id="600C6649-B0F4-6FF8-6334-13F8615E75A4">
<createdBy>User</createdBy>
<createdTime>2023-05-02 01:43:03 UTC</createdTime>
<commentInRDBMS><![CDATA[Street ID]]></commentInRDBMS>
<ownerDesignName>cui_oraclemodel</ownerDesignName>
<engineerTo>
<item key="85BA8656-E6D8-1BCC-1E3F-6C7A9D9C349E" value="true"/>
</engineerTo>
<useDomainConstraints>false</useDomainConstraints>
<use>1</use>
<logicalDatatype>LOGDT019</logicalDatatype>
<dataTypePrecision>7</dataTypePrecision>
<ownDataTypeParameters>,7,</ownDataTypeParameters>
</Attribute>
<Attribute name="auth_name" id="694AE994-9126-291F-2C46-82363CAAD936">
<createdBy>User</createdBy>
<createdTime>2023-05-02 01:55:18 UTC</createdTime>
<commentInRDBMS><![CDATA[Local authority name]]></commentInRDBMS>
<generatorID>0A986083-F7EA-1168-3895-E0A5D9490C08</generatorID>
<ownerDesignName>cui_oraclemodel</ownerDesignName>
<engineerTo>
<item key="85BA8656-E6D8-1BCC-1E3F-6C7A9D9C349E" value="true"/>
</engineerTo>
<referedAttribute>02E5E42E-9852-BCEE-3AEA-580993DFACA0</referedAttribute>
<useDomainConstraints>false</useDomainConstraints>
<use>1</use>
<logicalDatatype>LOGDT024</logicalDatatype>
<dataTypeSize>50</dataTypeSize>
<ownDataTypeParameters>50,,</ownDataTypeParameters>
</Attribute>
<Attribute name="street_name" id="031B10CC-2626-6AED-C5E5-3038E2826DA4">
<createdBy>User</createdBy>
<createdTime>2023-05-02 01:43:03 UTC</createdTime>
<commentInRDBMS><![CDATA[Street name]]></commentInRDBMS>
<ownerDesignName>cui_oraclemodel</ownerDesignName>
<engineerTo>
<item key="85BA8656-E6D8-1BCC-1E3F-6C7A9D9C349E" value="true"/>
</engineerTo>
<useDomainConstraints>false</useDomainConstraints>
<use>1</use>
<logicalDatatype>LOGDT024</logicalDatatype>
<dataTypeSize>50</dataTypeSize>
<ownDataTypeParameters>50,,</ownDataTypeParameters>
</Attribute>
<Attribute name="street_length_in_m" id="5F3138DA-8647-523D-33DC-F3B7E58EAF2F">
<createdBy>User</createdBy>
<createdTime>2023-05-02 01:43:04 UTC</createdTime>
<commentInRDBMS><![CDATA[Street length in metre]]></commentInRDBMS>
<ownerDesignName>cui_oraclemodel</ownerDesignName>
<engineerTo>
<item key="85BA8656-E6D8-1BCC-1E3F-6C7A9D9C349E" value="true"/>
</engineerTo>
<useDomainConstraints>false</useDomainConstraints>
<use>1</use>
<logicalDatatype>LOGDT019</logicalDatatype>
<dataTypePrecision>5</dataTypePrecision>
<dataTypeScale>2</dataTypeScale>
<ownDataTypeParameters>,5,2</ownDataTypeParameters>
</Attribute>
<Attribute name="street_road_surface_type" id="7A28D324-F269-EFC1-0BCB-8AA7889138D7">
<createdBy>User</createdBy>
<createdTime>2023-05-02 01:43:04 UTC</createdTime>
<commentInRDBMS><![CDATA[Street road surface type ]]></commentInRDBMS>
<ownerDesignName>cui_oraclemodel</ownerDesignName>
<engineerTo>
<item key="85BA8656-E6D8-1BCC-1E3F-6C7A9D9C349E" value="true"/>
</engineerTo>
<constraintName>chk_roadsurfacetype</constraintName>
<useDomainConstraints>false</useDomainConstraints>
<use>1</use>
<logicalDatatype>LOGDT025</logicalDatatype>
<dataTypeSize>1</dataTypeSize>
<listOfValues>
<valueDef value="A" description="Asphalt"/>
<valueDef value="C" description="Concrete"/>
<valueDef value="U" description="Unsealed"/>
</listOfValues>
<ownDataTypeParameters>1,,</ownDataTypeParameters>
</Attribute>
<Attribute name="street_num_of_lanes" id="83312C32-AD17-8C14-4060-5FF0C4C10568">
<createdBy>User</createdBy>
<createdTime>2023-05-02 01:43:04 UTC</createdTime>
<commentInRDBMS><![CDATA[Street number of lanes]]></commentInRDBMS>
<ownerDesignName>cui_oraclemodel</ownerDesignName>
<engineerTo>
<item key="85BA8656-E6D8-1BCC-1E3F-6C7A9D9C349E" value="true"/>
</engineerTo>
<useDomainConstraints>false</useDomainConstraints>
<use>1</use>
<logicalDatatype>LOGDT019</logicalDatatype>
<dataTypePrecision>1</dataTypePrecision>
<ownDataTypeParameters>,1,</ownDataTypeParameters>
</Attribute>
</attributes>
<identifiers itemClass="oracle.dbtools.crest.model.design.logical.CandidateKey">
<identifier id="77691646-562C-0EB3-149C-0F0AAEEA53E9" name="STREET PK">
<createdBy>User</createdBy>
<createdTime>2023-05-02 01:43:18 UTC</createdTime>
<ownerDesignName>cui_oraclemodel</ownerDesignName>
<shouldEngineer>false</shouldEngineer>
<engineerTo>
<item key="85BA8656-E6D8-1BCC-1E3F-6C7A9D9C349E" value="false"/>
</engineerTo>
<pk>true</pk>
<usedAttributes>
<attributeRef>600C6649-B0F4-6FF8-6334-13F8615E75A4</attributeRef>
<attributeRef>694AE994-9126-291F-2C46-82363CAAD936</attributeRef>
</usedAttributes>
</identifier>
</identifiers>
</Entity>
