<?xml version = '1.0' encoding = 'UTF-8'?>
<Entity class="oracle.dbtools.crest.model.design.logical.Entity" directorySegmentName="seg_0" id="BEC3A830-A1C7-A97B-1B50-442009D48E9A" name="LOCAL_AUTHORITY">
<createdBy>User</createdBy>
<createdTime>2023-05-02 01:29:50 UTC</createdTime>
<ownerDesignName>cui_oraclemodel</ownerDesignName>
<engineerTo>
<item key="85BA8656-E6D8-1BCC-1E3F-6C7A9D9C349E" value="true"/>
</engineerTo>
<adequatelyNormalized>NO</adequatelyNormalized>
<expectedVolumes>0</expectedVolumes>
<fwdEngineeringStrategyName>Single Table</fwdEngineeringStrategyName>
<growthPercent>0</growthPercent>
<growthType>Year</growthType>
<maxVolumes>9999999</maxVolumes>
<minVolumes>0</minVolumes>
<normalForm>Third</normalForm>
<attributes itemClass="oracle.dbtools.crest.model.design.logical.Attribute">
<Attribute name="auth_name" id="02E5E42E-9852-BCEE-3AEA-580993DFACA0">
<createdBy>User</createdBy>
<createdTime>2023-05-02 01:30:24 UTC</createdTime>
<commentInRDBMS><![CDATA[Local authority name]]></commentInRDBMS>
<ownerDesignName>cui_oraclemodel</ownerDesignName>
<engineerTo>
<item key="85BA8656-E6D8-1BCC-1E3F-6C7A9D9C349E" value="true"/>
</engineerTo>
<useDomainConstraints>false</useDomainConstraints>
<use>1</use>
<logicalDatatype>LOGDT024</logicalDatatype>
<dataTypeSize>50</dataTypeSize>
<ownDataTypeParameters>50,,</ownDataTypeParameters>
</Attribute>
<Attribute name="auth_ceo_given_name" id="FF5434D7-D4D1-A063-4267-165906954574">
<createdBy>User</createdBy>
<createdTime>2023-05-02 01:30:24 UTC</createdTime>
<commentInRDBMS><![CDATA[Local authority CEO given name]]></commentInRDBMS>
<ownerDesignName>cui_oraclemodel</ownerDesignName>
<engineerTo>
<item key="85BA8656-E6D8-1BCC-1E3F-6C7A9D9C349E" value="true"/>
</engineerTo>
<useDomainConstraints>false</useDomainConstraints>
<use>1</use>
<logicalDatatype>LOGDT024</logicalDatatype>
<dataTypeSize>50</dataTypeSize>
<ownDataTypeParameters>50,,</ownDataTypeParameters>
</Attribute>
<Attribute name="auth_ceo_family_name" id="705CDD47-E357-60CF-1378-103AC8F8EF9A">
<createdBy>User</createdBy>
<createdTime>2023-05-02 01:30:24 UTC</createdTime>
<commentInRDBMS><![CDATA[Local authority CEO family name]]></commentInRDBMS>
<ownerDesignName>cui_oraclemodel</ownerDesignName>
<engineerTo>
<item key="85BA8656-E6D8-1BCC-1E3F-6C7A9D9C349E" value="true"/>
</engineerTo>
<useDomainConstraints>false</useDomainConstraints>
<use>1</use>
<logicalDatatype>LOGDT024</logicalDatatype>
<dataTypeSize>50</dataTypeSize>
<ownDataTypeParameters>50,,</ownDataTypeParameters>
</Attribute>
<Attribute name="auth_phone_num" id="C8443760-E406-A46C-2C19-84AF62B4D972">
<createdBy>User</createdBy>
<createdTime>2023-05-02 01:30:24 UTC</createdTime>
<commentInRDBMS><![CDATA[Local authority phone number]]></commentInRDBMS>
<ownerDesignName>cui_oraclemodel</ownerDesignName>
<engineerTo>
<item key="85BA8656-E6D8-1BCC-1E3F-6C7A9D9C349E" value="true"/>
</engineerTo>
<useDomainConstraints>false</useDomainConstraints>
<use>1</use>
<logicalDatatype>LOGDT025</logicalDatatype>
<dataTypeSize>10</dataTypeSize>
<ownDataTypeParameters>10,,</ownDataTypeParameters>
</Attribute>
<Attribute name="auth_area_in_square_km" id="D9792FE6-7132-1B86-5DAF-166C5ACB229A">
<createdBy>User</createdBy>
<createdTime>2023-05-02 01:30:25 UTC</createdTime>
<commentInRDBMS><![CDATA[Local authority area in square kilometres ]]></commentInRDBMS>
<ownerDesignName>cui_oraclemodel</ownerDesignName>
<engineerTo>
<item key="85BA8656-E6D8-1BCC-1E3F-6C7A9D9C349E" value="true"/>
</engineerTo>
<useDomainConstraints>false</useDomainConstraints>
<use>1</use>
<logicalDatatype>LOGDT019</logicalDatatype>
<dataTypePrecision>5</dataTypePrecision>
<dataTypeScale>2</dataTypeScale>
<ownDataTypeParameters>,5,2</ownDataTypeParameters>
</Attribute>
<Attribute name="auth_type" id="5F306DB1-1868-3AE1-757B-D11AF783D9B7">
<createdBy>User</createdBy>
<createdTime>2023-05-02 01:30:25 UTC</createdTime>
<commentInRDBMS><![CDATA[Local authority type]]></commentInRDBMS>
<ownerDesignName>cui_oraclemodel</ownerDesignName>
<engineerTo>
<item key="85BA8656-E6D8-1BCC-1E3F-6C7A9D9C349E" value="true"/>
</engineerTo>
<constraintName>chk_authtype</constraintName>
<useDomainConstraints>false</useDomainConstraints>
<use>1</use>
<logicalDatatype>LOGDT025</logicalDatatype>
<dataTypeSize>1</dataTypeSize>
<listOfValues>
<valueDef value="B" description="Borough"/>
<valueDef value="C" description="City"/>
<valueDef value="D" description="District Council"/>
<valueDef value="S" description="Shire"/>
<valueDef value="T" description="Town"/>
</listOfValues>
<ownDataTypeParameters>1,,</ownDataTypeParameters>
</Attribute>
</attributes>
<identifiers itemClass="oracle.dbtools.crest.model.design.logical.CandidateKey">
<identifier id="A9AF4ED5-8B17-9C91-DD34-0EE00D9836CB" name="LOCAL_AUTHORITY PK">
<createdBy>User</createdBy>
<createdTime>2023-05-02 01:30:34 UTC</createdTime>
<ownerDesignName>cui_oraclemodel</ownerDesignName>
<shouldEngineer>false</shouldEngineer>
<engineerTo>
<item key="85BA8656-E6D8-1BCC-1E3F-6C7A9D9C349E" value="false"/>
</engineerTo>
<pk>true</pk>
<usedAttributes>
<attributeRef>02E5E42E-9852-BCEE-3AEA-580993DFACA0</attributeRef>
</usedAttributes>
</identifier>
</identifiers>
</Entity>
