<?xml version = '1.0' encoding = 'UTF-8'?>
<Entity class="oracle.dbtools.crest.model.design.logical.Entity" directorySegmentName="seg_0" id="F415245E-D60C-2812-2B2D-9B82F2687274" name="BIN_TYPE">
<createdBy>jingweiong</createdBy>
<createdTime>2023-05-03 05:47:23 UTC</createdTime>
<ownerDesignName>cui_oraclemodel</ownerDesignName>
<engineerTo>
<item key="85BA8656-E6D8-1BCC-1E3F-6C7A9D9C349E" value="true"/>
</engineerTo>
<adequatelyNormalized>NO</adequatelyNormalized>
<expectedVolumes>0</expectedVolumes>
<fwdEngineeringStrategyName>Single Table</fwdEngineeringStrategyName>
<growthPercent>0</growthPercent>
<growthType>Year</growthType>
<maxVolumes>9999999</maxVolumes>
<minVolumes>0</minVolumes>
<normalForm>Third</normalForm>
<attributes itemClass="oracle.dbtools.crest.model.design.logical.Attribute">
<Attribute name="bin_size" id="E1FB2A5C-3D42-33FA-52CB-6C884CC856A4">
<createdBy>jingweiong</createdBy>
<createdTime>2023-05-03 05:47:38 UTC</createdTime>
<commentInRDBMS><![CDATA[bin size]]></commentInRDBMS>
<ownerDesignName>cui_oraclemodel</ownerDesignName>
<engineerTo>
<item key="85BA8656-E6D8-1BCC-1E3F-6C7A9D9C349E" value="true"/>
</engineerTo>
<useDomainConstraints>false</useDomainConstraints>
<use>1</use>
<logicalDatatype>LOGDT019</logicalDatatype>
<dataTypePrecision>3</dataTypePrecision>
<ownDataTypeParameters>,3,</ownDataTypeParameters>
</Attribute>
<Attribute name="bin_std_supply_cost" id="66F3F539-428F-E40F-0EB7-F9C0361AE865">
<createdBy>jingweiong</createdBy>
<createdTime>2023-05-03 05:47:38 UTC</createdTime>
<commentInRDBMS><![CDATA[bin standard supply cost]]></commentInRDBMS>
<ownerDesignName>cui_oraclemodel</ownerDesignName>
<engineerTo>
<item key="85BA8656-E6D8-1BCC-1E3F-6C7A9D9C349E" value="true"/>
</engineerTo>
<useDomainConstraints>false</useDomainConstraints>
<use>1</use>
<logicalDatatype>LOGDT019</logicalDatatype>
<dataTypePrecision>2</dataTypePrecision>
<ownDataTypeParameters>,2,</ownDataTypeParameters>
</Attribute>
<Attribute name="waste_type_id" id="D85997E7-1A23-8276-15F2-C6F4F841474A">
<createdBy>jingweiong</createdBy>
<createdTime>2023-05-03 06:00:44 UTC</createdTime>
<commentInRDBMS><![CDATA[waste type id]]></commentInRDBMS>
<generatorID>C6C8B36A-80C2-7048-AA31-1ACD5786725F</generatorID>
<ownerDesignName>cui_oraclemodel</ownerDesignName>
<engineerTo>
<item key="85BA8656-E6D8-1BCC-1E3F-6C7A9D9C349E" value="true"/>
</engineerTo>
<referedAttribute>74718274-37B8-BF37-82DF-BAFFA41C48C8</referedAttribute>
<useDomainConstraints>false</useDomainConstraints>
<use>1</use>
<logicalDatatype>LOGDT025</logicalDatatype>
<dataTypeSize>2</dataTypeSize>
<ownDataTypeParameters>,,</ownDataTypeParameters>
</Attribute>
</attributes>
<identifiers itemClass="oracle.dbtools.crest.model.design.logical.CandidateKey">
<identifier id="1DD1117F-3031-4603-793E-6671DB3A5E92" name="BIN_TYPE PK">
<createdBy>jingweiong</createdBy>
<createdTime>2023-05-03 05:47:43 UTC</createdTime>
<ownerDesignName>cui_oraclemodel</ownerDesignName>
<engineerTo>
<item key="85BA8656-E6D8-1BCC-1E3F-6C7A9D9C349E" value="true"/>
</engineerTo>
<pk>true</pk>
<usedAttributes>
<attributeRef>E1FB2A5C-3D42-33FA-52CB-6C884CC856A4</attributeRef>
<attributeRef>D85997E7-1A23-8276-15F2-C6F4F841474A</attributeRef>
</usedAttributes>
</identifier>
</identifiers>
</Entity>
