<?xml version = '1.0' encoding = 'UTF-8'?>
<Entity class="oracle.dbtools.crest.model.design.logical.Entity" directorySegmentName="seg_0" id="FF78F646-A5E8-EA77-942C-93DCD12F8BAD" name="PROPERTY_BIN">
<createdBy>jingweiong</createdBy>
<createdTime>2023-05-03 05:54:49 UTC</createdTime>
<ownerDesignName>cui_oraclemodel</ownerDesignName>
<engineerTo>
<item key="85BA8656-E6D8-1BCC-1E3F-6C7A9D9C349E" value="true"/>
</engineerTo>
<adequatelyNormalized>NO</adequatelyNormalized>
<expectedVolumes>0</expectedVolumes>
<fwdEngineeringStrategyName>Single Table</fwdEngineeringStrategyName>
<growthPercent>0</growthPercent>
<growthType>Year</growthType>
<maxVolumes>9999999</maxVolumes>
<minVolumes>0</minVolumes>
<normalForm>Third</normalForm>
<attributes itemClass="oracle.dbtools.crest.model.design.logical.Attribute">
<Attribute name="propbin_RFID_tag" id="44C4EE46-19AB-1100-348E-B3F7ED6FFB0A">
<createdBy>jingweiong</createdBy>
<createdTime>2023-05-03 05:55:11 UTC</createdTime>
<commentInRDBMS><![CDATA[property bin RFID tag]]></commentInRDBMS>
<ownerDesignName>cui_oraclemodel</ownerDesignName>
<engineerTo>
<item key="85BA8656-E6D8-1BCC-1E3F-6C7A9D9C349E" value="true"/>
</engineerTo>
<useDomainConstraints>false</useDomainConstraints>
<use>1</use>
<logicalDatatype>LOGDT025</logicalDatatype>
<dataTypeSize>16</dataTypeSize>
<ownDataTypeParameters>16,,</ownDataTypeParameters>
</Attribute>
<Attribute name="propbin_supply_date" id="15A65E00-5AC7-4428-3804-81823DAEB7B0">
<createdBy>jingweiong</createdBy>
<createdTime>2023-05-03 05:55:12 UTC</createdTime>
<commentInRDBMS><![CDATA[property bin supply date]]></commentInRDBMS>
<ownerDesignName>cui_oraclemodel</ownerDesignName>
<engineerTo>
<item key="85BA8656-E6D8-1BCC-1E3F-6C7A9D9C349E" value="true"/>
</engineerTo>
<useDomainConstraints>false</useDomainConstraints>
<use>1</use>
<logicalDatatype>LOGDT007</logicalDatatype>
<ownDataTypeParameters>,,</ownDataTypeParameters>
</Attribute>
<Attribute name="propbin_reason_for_replacement" id="0BD7F137-B3EB-0E8C-CFE5-C379830B797F">
<createdBy>jingweiong</createdBy>
<createdTime>2023-05-03 05:55:13 UTC</createdTime>
<commentInRDBMS><![CDATA[property bin reason for replacement]]></commentInRDBMS>
<ownerDesignName>cui_oraclemodel</ownerDesignName>
<engineerTo>
<item key="85BA8656-E6D8-1BCC-1E3F-6C7A9D9C349E" value="true"/>
</engineerTo>
<constraintName>chk_reasonreplacement</constraintName>
<nullsAllowed>true</nullsAllowed>
<useDomainConstraints>false</useDomainConstraints>
<use>1</use>
<logicalDatatype>LOGDT025</logicalDatatype>
<dataTypeSize>2</dataTypeSize>
<listOfValues>
<valueDef value="BF" description="Bin Failure"/>
<valueDef value="DO" description="Damaged by owner"/>
<valueDef value="DP" description="Damaged during pickup of waste"/>
<valueDef value="ST" description="Stolen"/>
</listOfValues>
<ownDataTypeParameters>2,,</ownDataTypeParameters>
</Attribute>
<Attribute name="propbin_bin_charge" id="F192FC83-06A3-C1DA-A0EF-D3954B4FBB07">
<createdBy>jingweiong</createdBy>
<createdTime>2023-05-03 05:55:13 UTC</createdTime>
<commentInRDBMS><![CDATA[property bin charge]]></commentInRDBMS>
<ownerDesignName>cui_oraclemodel</ownerDesignName>
<engineerTo>
<item key="85BA8656-E6D8-1BCC-1E3F-6C7A9D9C349E" value="true"/>
</engineerTo>
<useDomainConstraints>false</useDomainConstraints>
<use>1</use>
<logicalDatatype>LOGDT019</logicalDatatype>
<dataTypePrecision>3</dataTypePrecision>
<ownDataTypeParameters>,3,</ownDataTypeParameters>
</Attribute>
<Attribute name="bin_size" id="4DA38AA9-FA5B-7A34-3982-850962A3CEE6">
<createdBy>jingweiong</createdBy>
<createdTime>2023-05-03 06:02:41 UTC</createdTime>
<commentInRDBMS><![CDATA[bin size]]></commentInRDBMS>
<generatorID>3B4C80B4-1A6F-5F92-00F4-640B01751F1E</generatorID>
<ownerDesignName>cui_oraclemodel</ownerDesignName>
<engineerTo>
<item key="85BA8656-E6D8-1BCC-1E3F-6C7A9D9C349E" value="true"/>
</engineerTo>
<referedAttribute>E1FB2A5C-3D42-33FA-52CB-6C884CC856A4</referedAttribute>
<useDomainConstraints>false</useDomainConstraints>
<use>1</use>
<logicalDatatype>LOGDT019</logicalDatatype>
<dataTypePrecision>3</dataTypePrecision>
<ownDataTypeParameters>,,</ownDataTypeParameters>
</Attribute>
<Attribute name="waste_type_id" id="86505E67-70E3-4AD7-6EF2-442D1C64EB58">
<createdBy>jingweiong</createdBy>
<createdTime>2023-05-03 06:02:41 UTC</createdTime>
<commentInRDBMS><![CDATA[waste type id]]></commentInRDBMS>
<generatorID>3B4C80B4-1A6F-5F92-00F4-640B01751F1E</generatorID>
<ownerDesignName>cui_oraclemodel</ownerDesignName>
<engineerTo>
<item key="85BA8656-E6D8-1BCC-1E3F-6C7A9D9C349E" value="true"/>
</engineerTo>
<referedAttribute>D85997E7-1A23-8276-15F2-C6F4F841474A</referedAttribute>
<useDomainConstraints>false</useDomainConstraints>
<use>1</use>
<logicalDatatype>LOGDT025</logicalDatatype>
<dataTypeSize>2</dataTypeSize>
<ownDataTypeParameters>,,</ownDataTypeParameters>
</Attribute>
<Attribute name="prop_no" id="BAA6FD05-5347-D71D-A485-425B6D13FFE0">
<createdBy>jingweiong</createdBy>
<createdTime>2023-05-03 06:03:20 UTC</createdTime>
<commentInRDBMS><![CDATA[Property number (surrogate PK)]]></commentInRDBMS>
<generatorID>FE14AD41-DC6A-3E5D-1AD8-633DEA293588</generatorID>
<ownerDesignName>cui_oraclemodel</ownerDesignName>
<engineerTo>
<item key="85BA8656-E6D8-1BCC-1E3F-6C7A9D9C349E" value="true"/>
</engineerTo>
<referedAttribute>CF688CF8-BC6D-8A43-6747-4C7EC337519E</referedAttribute>
<useDomainConstraints>false</useDomainConstraints>
<use>1</use>
<logicalDatatype>LOGDT019</logicalDatatype>
<dataTypePrecision>4</dataTypePrecision>
<ownDataTypeParameters>,,</ownDataTypeParameters>
</Attribute>
</attributes>
<identifiers itemClass="oracle.dbtools.crest.model.design.logical.CandidateKey">
<identifier id="A60D3321-955B-95F8-E380-3AE9B636E892" name="PROPERTY_BIN PK">
<createdBy>jingweiong</createdBy>
<createdTime>2023-05-03 05:55:29 UTC</createdTime>
<ownerDesignName>cui_oraclemodel</ownerDesignName>
<engineerTo>
<item key="85BA8656-E6D8-1BCC-1E3F-6C7A9D9C349E" value="true"/>
</engineerTo>
<pk>true</pk>
<usedAttributes>
<attributeRef>44C4EE46-19AB-1100-348E-B3F7ED6FFB0A</attributeRef>
</usedAttributes>
</identifier>
</identifiers>
</Entity>
